DEPTH_WMSF,HCGR,HFK,HTHO,HURA,IDPH,IMPH,SFLU,munsel_color
449.1964,27.6796,0.5991,5.3678,1.1731,0.988,1.0333,0.8273,5P 3 6
449.2108,43.7624,1.2427,6.757,1.9972,1.1821,1.0559,0.6679,10B 8 12
449.3488,24.4596,0.5682,4.5165,1.2485,0.9865,1.038,0.8436,5P 3 6
449.3632,42.121,1.2775,6.027,1.9424,1.1809,1.0499,0.5691,10PB 0.2 18
449.5012,22.2932,0.5547,3.9005,1.2809,0.9861,1.0397,0.8735,5BG 0.4 2
449.5156,44.2439,1.2871,6.6513,1.9725,1.1795,1.0496,0.6552,10B 8 12
449.6536,21.8303,0.5446,3.8117,1.1463,0.9844,1.0374,0.8685,5P 3 6
449.668,45.3507,1.4005,6.3425,1.8605,1.1787,1.0533,0.6228,10B 8 12
449.806,22.6081,0.5653,3.9399,1.1743,0.9799,1.0308,0.8423,5P 3 6
449.8204,44.3717,1.3548,6.2961,1.9595,1.1786,1.0587,0.7708,5PB 5 18
449.9584,24.2981,0.605,4.2491,1.0906,0.9752,1.0212,0.8319,10PB 2 42
449.9728,43.1409,1.3486,5.9375,2.0688,1.1796,1.0634,0.5895,10PB 0.2 18
450.1108,22.6863,0.5707,3.9332,1.2118,0.9715,1.0105,0.8259,5P 3 6
450.1252,41.8986,1.2812,5.9343,2.3948,1.1804,1.0665,0.5415,10PB 0.2 18
450.2632,21.8407,0.5647,3.6969,1.2769,0.9688,1.0007,0.8197,5P 3 6
450.2776,44.6632,1.3122,6.6389,2.1015,1.182,1.0684,0.7553,10R 2 16
450.4156,22.3086,0.5751,3.7862,1.2756,0.9666,0.9939,0.822,5P 3 6
450.43,44.569,1.2769,6.8152,2.1729,1.187,1.0699,0.6405,5P 3 6
450.568,23.1315,0.5891,3.9685,1.3836,0.9661,0.991,0.8254,5P 3 6
450.5824,45.3194,1.3429,6.6696,2.0834,1.1951,1.0718,0.514,5P 3 6
450.7204,21.946,0.5782,3.6522,1.4381,0.9674,0.9922,9700,5P 3 6
450.7348,47.4741,1.428,6.8623,1.962,1.2049,1.0746,0.7167,10B 8 12
450.8728,22.4806,0.5808,3.808,1.5202,0.97,0.9963,0.8291,5P 3 6
450.8872,51.5888,1.5517,7.4573,1.8957,1.2141,1.0788,0.71,10B 8 12
451.0252,21.4166,0.526,3.7878,1.4274,0.9735,1.0019,0.8287,5P 3 6
451.0396,53.19,1.5343,8.073,1.8824,1.2205,1.0849,0.5211,10B 8 12
451.1776,21.9062,0.5094,4.0418,1.4599,0.9776,1.0075,0.8304,5P 3 6
451.33,21.2456,0.5098,3.8278,1.5628,0.9819,1.0121,0.832,5P 3 6
451.3444,49.3544,1.4192,7.5171,2.0543,1.2285,1.1018,0.8013,5P 3 6
451.4824,21.4021,0.5347,3.7324,1.627,0.9859,1.0156,0.8372,5P 3 6
451.4968,51.7802,1.4177,8.3036,1.5574,1.233,1.1094,0.6083,10B 8 12
451.6348,19.9997,0.503,3.468,1.6319,0.9895,1.0184,0.8421,5P 3 6
451.6492,52.0117,1.3897,8.5414,1.2501,1.2353,1.1135,0.783,7.5P 0.8 16
451.7872,20.9809,0.5156,3.7091,1.5217,0.9924,1.0214,0.8431,5P 3 6
451.8016,55.4344,1.5049,8.9645,1.1859,1.2365,1.1137,0.6145,10B 8 12
451.9396,22.0762,0.5222,4.0217,1.5024,0.994,1.0249,0.8442,5P 3 6
451.954,55.4043,1.4674,9.1745,1.5509,1.237,1.1118,0.7112,10B 8 12
452.092,23.4204,0.539,4.354,1.5304,0.9945,1.0284,0.8484,5P 3 6
452.1064,58.9764,1.6174,9.4417,1.5584,1.2411,1.1109,0.6419,10B 8 12
452.2444,24.4856,0.5794,4.459,1.3879,0.9943,1.0307,0.8515,2.5P 0.4 22
452.2588,56.1775,1.5451,8.9678,2.0557,1.2481,1.113,0.6452,10BG 6 12
452.3968,23.6683,0.5821,4.1813,1.3321,0.9933,1.0306,0.8478,5P 3 6
452.4112,56.7022,1.4643,9.6088,1.7475,1.2555,1.1186,0.58,10B 8 12
452.5492,23.0305,0.5823,3.9759,1.2935,0.9912,1.0277,0.8435,5P 3 6
452.5636,56.0128,1.3787,9.8889,1.577,1.2637,1.1269,0.6468,5P 3 6
452.7016,23.1235,0.5891,3.9655,1.2395,0.9877,1.0225,0.8419,5P 3 6
452.716,59.9931,1.4753,10.5999,1.7764,1.2703,1.1371,0.6801,10B 8 12
452.854,23.006,0.5917,3.913,1.2797,0.983,1.0163,0.841,5P 3 6
452.8684,63.2938,1.5193,11.4003,1.657,1.2751,1.1481,0.6071,10B 8 12
453.0064,23.5845,0.581,4.161,1.2461,0.9773,1.0106,0.8411,5Y 6 16
453.0208,63.8644,1.5877,11.1832,1.7605,1.2794,1.1585,0.6753,10B 8 12
453.1588,23.6887,0.5753,4.2279,1.1732,0.9719,1.0065,0.841,5P 3 6
453.1732,55.1569,1.4316,9.3049,2.242,1.2826,1.166,0.7285,5P 3 6
453.3112,23.5777,0.5481,4.3515,1.2736,0.9682,1.0046,0.8379,5P 3 6
453.3256,50.976,1.3098,8.6772,2.6174,1.2843,1.1671,0.6575,5P 3 6
453.4636,23.1309,0.5292,4.3186,1.2669,0.9656,1.0047,0.8331,5P 3 6
453.478,50.9526,1.2696,8.9051,2.7384,1.2853,1.1592,0.7239,10PB 0.2 18
453.616,22.6727,0.5341,4.1434,1.1954,0.9635,1.0062,0.8299,10GY 4 4
453.6304,51.7822,1.379,8.5308,2.8364,1.2863,1.144,0.5906,10PB 0.2 18
453.7684,21.4372,0.5182,3.8401,1.2933,0.962,1.0082,0.8309,5P 3 6
453.7828,52.6959,1.3313,9.1028,2.8327,1.2857,1.1265,0.7381,7.5G 1 2
453.9208,20.1438,0.4861,3.613,1.5271,0.9609,1.0102,0.8368,5P 3 6
453.9352,53.051,1.2863,9.4803,2.417,1.2809,1.1124,0.5874,5P 3 6
454.0732,20.5553,0.4802,3.7797,1.62,0.96,1.0114,9700,5P 3 6
454.0876,50.122,1.3007,8.4567,2.4831,1.2734,1.1049,0.7341,5P 3 6
454.2256,20.995,0.4667,4,1.6621,0.9592,1.0115,0.8407,10PB 0.2 18
454.24,47.5853,1.2952,7.6756,2.3936,1.2644,1.1038,0.5458,5P 3 6
454.378,20.6382,0.4594,3.9281,1.697,0.9585,1.0103,0.8368,10R 1 12
454.3924,47.3779,1.3212,7.4567,2.1671,1.2531,1.1063,0.6066,5P 3 6
454.5304,20.2714,0.438,3.9357,1.6188,0.9579,1.0077,0.8331,2.5R 8 6
454.5448,49.1515,1.3916,7.6135,2.1152,1.2436,1.1094,0.6789,5P 3 6
454.6828,19.5896,0.4291,3.7692,1.5072,0.9568,1.0046,0.8305,5P 3 6
454.6972,47.0978,1.3629,7.1228,2.3285,1.2336,1.111,0.5866,5P 3 6
454.8352,19.5266,0.4217,3.7922,1.7166,0.9555,1.0018,0.8297,5P 3 6
454.8496,47.8551,1.3949,7.1783,2.2034,1.2273,1.1106,0.6262,5P 3 6
454.9876,20.3225,0.4529,3.8652,1.8533,0.9552,1.0002,0.8294,5P 3 6
455.002,50.913,1.5354,7.3363,1.5212,1.2241,1.1087,0.7335,10B 8 12
455.14,20.1048,0.4446,3.8436,1.9452,0.9566,1.0004,0.8281,5P 3 6
455.1544,51.7098,1.5541,7.4823,1.08,1.2225,1.1066,0.7624,10B 8 12
455.2924,19.2335,0.3936,3.8631,1.8991,0.9587,1.0023,0.8312,5BG 0.4 2
455.3068,52.9187,1.6048,7.5729,0.9907,1.2203,1.1054,0.5236,5BG 0.4 2
455.4448,19.2065,0.3763,3.9555,1.7568,0.9603,1.0057,0.8379,5P 3 6
455.4592,54.408,1.6164,7.9824,0.9306,1.2172,1.1048,0.7445,10P 5 14
455.5972,21.881,0.4094,4.6195,1.6898,0.9614,1.01,0.8451,5P 3 6
455.6116,58.2306,1.7394,8.4883,0.9375,1.2146,1.1035,0.573,10B 8 12
455.7496,22.2834,0.3974,4.8188,1.6432,0.9621,1.0144,0.8527,5G 7 34
455.764,54.2384,1.565,8.2292,1.1034,1.2121,1.1001,0.6635,10B 8 12
455.902,22.0326,0.3926,4.7666,1.734,0.9622,1.0177,0.8543,5P 3 6
455.9164,55.751,1.6236,8.3712,1.6117,1.2102,1.0946,0.6524,10B 8 12
456.3592,20.3079,0.4032,4.1514,1.7639,0.9606,1.016,0.8445,5P 3 6
456.3736,50.931,1.5227,7.4161,1.7503,1.2068,1.0821,0.5818,10B 8 12
456.5116,21.2523,0.4162,4.3781,1.7572,0.9599,1.013,0.8437,2.5P 0.4 22
456.526,51.3156,1.4998,7.6737,1.5542,1.2071,1.0844,0.8375,2.5BG 5 16
456.664,22.2097,0.4346,4.5773,1.5824,0.9594,1.011,0.845,5P 3 6
456.6784,48.9387,1.3931,7.5365,1.6378,1.2079,1.0896,0.6761,10B 8 12
456.8164,22.5684,0.4595,4.5466,1.6152,0.959,1.0108,0.8477,5P 3 6
456.8308,44.1596,1.3039,6.5261,1.8414,1.2099,1.0961,0.6928,10B 8 12
456.9688,22.5674,0.4701,4.4839,1.5483,0.9589,1.0125,0.8496,2.5G 1 8
456.9832,45.1313,1.3247,6.7156,1.6805,1.213,1.1018,0.5997,10B 8 12
457.1212,21.7507,0.4593,4.2857,1.5782,0.9591,1.0153,9700,7.5YR 9 20
457.1356,45.1162,1.3908,6.3243,1.9453,1.2163,1.1055,0.6431,10B 8 12
457.2736,21.8673,0.4642,4.294,1.5441,0.9595,1.0181,0.8539,5P 3 6
457.288,48.1546,1.4719,6.8234,2.1316,1.2194,1.1072,0.7663,5P 3 6
457.426,21.4133,0.4643,4.1482,1.4615,0.9598,1.0199,0.8558,5P 3 6
457.4404,52.7957,1.5329,7.9544,1.5929,1.2242,1.1077,0.5792,2.5BG 3 24
457.5784,21.3441,0.4705,4.0897,1.3965,0.96,1.0202,0.8576,5P 3 6
457.5928,51.8747,1.4697,8.0295,1.4927,1.2297,1.1083,0.6338,10B 8 12
457.7308,21.4853,0.4644,4.1703,1.3567,0.9597,1.0193,0.8585,5P 3 6
457.7452,51.1947,1.3726,8.3799,1.3874,1.2351,1.11,0.7122,10B 8 12
457.8832,22.4556,0.4984,4.2824,1.2059,0.9592,1.0178,0.8571,5P 3 6
457.8976,50.2769,1.2977,8.5241,1.3114,1.2405,1.1128,0.5618,5P 3 6
458.0356,22.6851,0.4702,4.521,1.3215,0.9579,1.0163,0.8553,5PB 3 32
458.05,52.9221,1.3543,9.0407,1.0133,1.2456,1.1158,0.6837,5P 3 6
458.188,22.0226,0.4805,4.2483,1.2821,0.9565,1.0153,0.8528,5P 3 6
458.2024,55.5061,1.419,9.4902,0.9296,1.2509,1.1186,0.7333,7.5P 0.8 16
458.3404,20.9956,0.4655,4.0072,1.3369,0.9547,1.0149,0.8518,5P 3 6
458.3548,56.5119,1.4912,9.3904,1.0353,1.254,1.1213,0.6693,10B 8 12
458.4928,21.3493,0.4557,4.1779,1.3485,0.9531,1.0148,0.8518,5P 3 6
458.5072,55.5544,1.3639,9.8287,1.0612,1.2557,1.1247,0.6115,7.5YR 9 20
458.6452,22.6247,0.4974,4.3429,1.3784,0.9516,1.0148,0.853,10G 4 18
458.6596,52.3736,1.1994,9.772,1.2745,1.2568,1.1288,0.6554,5P 3 6
458.7976,22.855,0.4728,4.5605,1.3814,0.9502,1.0145,0.8541,5P 3 6
458.812,51.5406,1.1532,9.7749,1.2114,1.2582,1.1329,0.7038,5P 3 6
458.95,21.4681,0.4656,4.1578,1.3604,0.9489,1.0141,0.8557,5P 3 6
458.9644,54.3176,1.1884,10.4595,1.1154,1.259,1.1354,0.7491,5P 3 6
459.1024,21.2623,0.4649,4.096,1.4296,0.9475,1.0133,0.8585,10R 2 16
459.1168,50.3616,1.1652,9.3266,1.5421,1.2592,1.1355,0.7607,5P 3 6
459.2548,21.726,0.4891,4.1028,1.4126,0.9461,1.0122,0.8602,5P 3 6
459.2692,51.9875,1.1773,9.7771,1.4086,1.2594,1.1337,0.6743,5P 3 6
459.4072,23.157,0.53,4.3223,1.5809,0.9446,1.0106,0.8573,5P 3 6
459.4216,54.328,1.2699,9.9857,1.4066,1.2591,1.1316,0.6279,5P 3 6
459.5596,23.2672,0.5222,4.4036,1.5805,0.9435,1.0085,0.8505,5P 3 6
459.574,53.1493,1.2978,9.4446,1.6938,1.2585,1.1305,0.7002,5P 3 6
459.712,24.1276,0.5415,4.5665,1.5172,0.9431,1.0066,0.8467,5P 3 6
459.7264,51.0326,1.229,9.1682,2.2869,1.2567,1.1306,0.7275,5P 3 6
459.8644,24.1224,0.507,4.7669,1.485,0.9436,1.0056,0.8433,5P 3 6
459.8788,43.9175,1.0546,7.9083,2.4221,1.2538,1.1312,0.6659,10PB 0.2 18
460.0168,23.8068,0.496,4.7301,1.4976,0.9439,1.006,0.8472,5P 3 6
460.0312,41.3675,0.9531,7.6845,2.6183,1.2511,1.1307,0.6274,10PB 0.2 18
460.1692,24.2396,0.5197,4.73,1.4051,0.9436,1.0081,0.8521,5P 3 6
460.1836,42.3044,1.071,7.2946,2.4266,1.2479,1.1284,0.6552,10PB 0.2 18
460.3216,23.7012,0.5254,4.5239,1.4663,0.9431,1.011,0.8587,5P 3 6
460.336,50.1699,1.2728,8.6354,2.3707,1.2442,1.1245,0.7954,5P 3 6
460.474,24.6596,0.5541,4.6632,1.4854,0.9428,1.0134,0.8694,5Y 6 16
460.4884,49.868,1.3255,8.2302,2.5401,1.2398,1.1197,0.542,5P 3 6
460.9312,23.4521,0.5018,4.5823,1.5004,0.9418,1.0108,0.8588,5P 3 6
460.9456,43.0391,1.2984,6.199,2.5222,1.227,1.1098,0.7549,10PB 0.2 18
461.0836,22.454,0.4452,4.5933,1.533,0.9406,1.0078,0.8549,5P 3 6
461.098,43.1241,1.2429,6.551,2.8221,1.2215,1.1084,0.5979,10PB 0.2 18
461.236,22.2314,0.4865,4.2804,1.5378,0.9392,1.0051,0.854,5P 3 6
461.2504,44.47,1.2676,6.8383,2.5539,1.217,1.1067,0.6565,10PB 0.2 18
461.3884,23.6179,0.5278,4.4833,1.564,0.9381,1.0034,0.8551,5P 3 6
461.4028,44.5682,1.2579,6.9261,2.2277,1.2141,1.1036,0.6735,5P 3 6
461.5408,24.3741,0.5567,4.5566,1.6629,0.9372,1.003,0.8556,2.5R 8 6
461.5552,45.7296,1.2868,7.1297,1.9035,1.2128,1.0993,0.6873,10B 8 12
461.6932,25.2147,0.5737,4.7267,1.5363,0.9367,1.0038,0.8577,5P 3 6
461.7076,48.8155,1.3423,7.794,1.7079,1.2138,1.0949,0.625,10B 8 12
461.8456,23.8148,0.5409,4.4698,1.772,0.9367,1.0054,0.8625,5P 3 6
461.86,49.82,1.3472,8.0875,1.5256,1.2152,1.0926,0.5893,5P 3 6
461.998,22.811,0.4943,4.4205,1.8935,0.9376,1.0074,0.8658,5P 3 6
462.0124,46.6985,1.2679,7.5511,1.8189,1.2175,1.0938,0.7155,10B 8 12
462.1504,23.979,0.5449,4.4986,1.7962,0.9395,1.0093,0.8697,5P 3 6
462.1648,47.0995,1.2579,7.7384,1.8307,1.2209,1.0986,0.6553,5P 3 6
462.3028,24.2711,0.5489,4.5692,1.6596,0.9413,1.0109,0.8725,5P 3 6
462.3172,51.6244,1.2905,8.9984,1.3271,1.2249,1.106,0.6432,5P 3 6
462.4552,25.7087,0.5633,4.9458,1.5943,0.9435,1.0122,0.8709,5BG 0.4 2
462.4696,49.3941,1.2537,8.4982,1.6643,1.2293,1.1142,0.6112,5P 3 6
462.6076,25.6831,0.534,5.1091,1.5786,0.9456,1.0134,0.8737,5P 3 6
462.622,45.8995,1.1419,8.0324,2.2025,1.2332,1.1218,0.6621,5P 3 6
462.76,26.5449,0.5499,5.2925,1.5872,0.9474,1.0146,0.8735,2.5BG 5 16
462.7744,45.5009,1.1667,7.7596,1.9821,1.2358,1.1278,0.7236,5P 3 6
462.9124,25.6801,0.4721,5.4703,1.5186,0.9491,1.0158,0.8771,5P 3 6
462.9268,45.0562,1.1675,7.6123,2.0692,1.2368,1.1316,0.6629,5P 3 6
463.0648,26.2883,0.4784,5.6288,1.5874,0.9502,1.0171,0.8746,2.5YR 8 10
463.0792,45.6278,1.2036,7.5843,2.1776,1.2374,1.1329,0.5644,5PB 5 18
463.2172,26.6296,0.5034,5.5918,1.5053,0.9507,1.0184,0.8747,5P 3 6
463.2316,47.6932,1.2978,7.6949,2.7145,1.2387,1.1322,0.7285,10PB 0.2 18
463.3696,26.4235,0.4982,5.5558,1.7741,0.9511,1.0197,0.8786,5BG 0.4 2
463.384,49.1573,1.339,7.9231,3.152,1.2412,1.1312,0.6882,10PB 0.2 18
463.522,26.5443,0.5402,5.3491,1.6546,0.9511,1.021,0.882,5P 3 6
463.5364,47.1583,1.2758,7.6522,3.14,1.2449,1.1328,0.6079,10PB 0.2 18
463.6744,27.3076,0.5619,5.4666,1.6141,1950,1950,0.8833,10PB 1 42
463.6888,47.8536,1.3,7.7336,2.9758,1.2507,1.1383,0.7012,10PB 0.2 18
463.8268,26.3261,0.5339,5.316,1.852,0.9503,1.0233,0.8853,5P 3 6
463.8412,48.2978,1.2343,8.2607,2.8606,1.2591,1.1476,0.7448,10PB 0.2 18
463.9792,25.5335,0.5037,5.2383,1.8282,0.9493,1.0235,0.8883,5P 3 6
463.9936,43.6305,1.1946,6.9961,3.3179,1.2664,1.1582,0.6217,10PB 0.2 18
465.9604,30.5415,0.6433,6.024,1.7598,1.0338,1.03,0.936,10B 8 12
465.9748,68.433,1.8814,10.9284,1.7709,1.337,1.1883,0.7424,10B 8 12
466.1128,32.6499,0.6735,6.5231,1.7699,1.0497,1.0474,0.9736,10B 8 12
466.1272,61.2695,1.8433,8.8543,2.3969,1.3349,1.1837,0.6297,10G 4 18
466.2652,32.9296,0.7083,6.4089,1.9471,1.0639,1.0787,1.0465,10B 8 12
466.2796,61.0887,1.8761,8.6044,2.4967,1.3323,1.1823,0.7992,10B 8 12
466.4176,34.312,0.7443,6.641,2.017,1.0777,1.128,1.09,10B 8 12
466.432,58.6925,1.7659,8.481,2.3864,1.3307,1.183,0.685,10B 8 12
466.57,36.5199,0.8112,6.9569,2.0783,1.0915,1.1944,1.1436,5P 3 6
466.5844,62.6644,1.9668,8.5785,2.0828,1.3276,1.1843,9700,5Y 6 16
466.7224,37.6177,0.8448,7.1119,2.1843,1.1074,1.2693,1.2001,10PB 0.2 18
466.7368,63.585,2.0129,8.6038,2.0638,1.325,1.1854,0.8338,10B 8 12
466.8748,37.9528,0.8334,7.2864,2.0745,1.1269,1.3372,1.1886,5P 3 6
466.8892,61.2929,1.914,8.4478,1.8821,1.3218,1.1856,0.6135,10B 8 12
467.0272,37.3385,0.8383,7.0608,2.1767,1.1502,1.3821,1.1946,10PB 0.2 18
467.0416,55.5106,1.7476,7.568,2.4812,1.3196,1.1842,0.7469,5P 3 6
467.1796,35.0583,0.7851,6.6412,2.2264,1.1757,1.3979,1.1984,10PB 0.2 18
467.194,53.5377,1.7346,7.0119,2.4793,1.3187,1.1809,0.7473,5P 3 6
467.332,34.1559,0.77,6.4405,2.2683,1.1989,1.3905,1.2027,10PB 0.2 18
467.3464,56.0293,1.777,7.562,2.7905,1.3178,1.1756,0.6182,2.5YR 8 10
467.4844,32.9381,0.7401,6.2249,2.0111,1.2138,1.3716,1.2098,10B 8 12
467.4988,58.1894,1.8859,7.6171,2.7502,1.3163,1.1694,0.7023,7.5YR 9 20
467.6368,33.3161,0.749,6.2941,1.8252,1.2143,1.3501,1.2319,10B 8 12
467.6512,58.4447,1.8048,8.1741,3.0467,1.3146,1.164,0.7508,10B 8 12
467.7892,32.5604,0.73,6.1628,1.7771,1.2009,1.3296,1.2771,10B 8 12
467.8036,54.5805,1.7128,7.4734,3.1721,1.3134,1.161,0.5693,5P 3 6
467.9416,33.2027,0.7117,6.476,1.7011,1.1785,1.3099,1.2892,10B 8 12
467.956,52.8667,1.7001,6.9983,3.1257,1.3121,1.1608,0.7386,5P 3 6
468.094,33.5545,0.7358,6.4474,1.7438,1.1462,1.2883,1.2001,10B 8 12
468.1084,52.9154,1.6603,7.2473,3.1156,1950,1950,0.7376,5P 3 6
468.2464,35.8959,0.8111,6.7573,1.8976,1.0976,1.2585,1.1318,10GY 6 18
468.2608,53.1925,1.6753,7.2482,3.3339,1.3092,1.1656,0.6143,5P 3 6
468.3988,40.3601,0.944,7.4097,1.969,1.0332,1.2115,1.1327,5P 3 6
468.4132,51.6513,1.5724,7.3566,3.0581,1.307,1.1681,0.7091,5P 3 6
468.5512,43.0103,1.0152,7.8425,2.1003,0.9673,1.1433,1.0862,5P 3 6
468.5656,50.1883,1.4962,7.3333,3.1248,1.3073,1.1698,0.7676,5P 3 6
468.7036,42.0067,1.0016,7.6006,2.0915,0.9083,1.0627,0.9504,5P 3 6
468.718,53.4872,1.5182,8.2624,2.9459,1.3082,1.1708,0.6516,5P 3 6
468.856,43.1971,1.0512,7.6915,1.7992,0.8563,0.9865,0.8543,5P 3 6
468.8704,53.1838,1.4557,8.5311,2.9121,1.3089,1.1715,0.6855,5R 4 10
469.0084,42.6806,1.0415,7.5829,1.5982,0.8167,0.9288,0.8179,7.5PB 4 34
469.0228,57.0892,1.4865,9.603,2.6763,1.31,1.172,0.7284,10B 8 12
469.1608,41.3483,1.0349,7.1944,1.9555,0.7949,0.8936,0.8223,5P 3 6
469.1752,56.1126,1.4714,9.3784,2.4002,1.3105,1.1726,0.6402,10B 8 12
469.3132,41.7507,1.0386,7.302,1.8063,0.7838,0.8768,0.835,5P 3 6
469.3276,55.9346,1.5138,9.0729,2.7517,1.3107,1.1731,0.6711,10B 8 12
469.4656,43.2716,1.1028,7.4137,1.8346,0.7771,0.8703,0.84,5P 3 6
469.48,53.4673,1.3423,9.2858,2.3605,1.3112,1.1735,0.7881,5P 3 6
469.618,44.5917,1.1636,7.4806,1.8984,0.7729,0.8671,0.8527,5P 3 6
469.6324,55.2644,1.3358,9.9,2.0488,1.3125,1.1738,0.6714,2.5G 1 8
469.7704,45.8153,1.1581,7.905,1.9554,0.7707,0.8637,0.8471,5P 3 6
469.7848,58.8203,1.4578,10.3259,1.5331,1.3148,1.1737,0.6471,10B 8 12
469.9228,46.3056,1.1516,8.1005,1.9886,0.7701,0.8599,0.8279,5P 3 6
469.9372,61.3949,1.5138,10.8237,1.5792,1.3171,1.1734,0.7386,10B 8 12
475.5616,47.1777,1.2604,7.7432,1.1195,0.8343,0.933,0.8945,10B 8 12
475.576,59.5147,1.6837,9.2264,1.837,1.3048,1.1584,0.7663,10B 8 12
475.714,45.7622,1.2111,7.5785,1.1161,0.8356,0.9356,0.9266,10B 8 12
475.7284,53.8459,1.5829,7.9988,2.1243,1.292,1.1169,0.5982,10B 8 12
475.8664,45.292,1.2409,7.2532,1.1213,0.8358,0.9352,0.9336,5G 7 34
475.8808,51.9163,1.6024,7.2656,2.147,1.262,1.0989,0.6672,7.5YR 9 20
476.0188,45.4097,1.2588,7.1858,0.9878,0.8354,0.9326,0.9031,10B 8 12
476.0332,52.4916,1.4464,8.3635,2.1157,1.2415,1.098,0.7348,5P 3 6
476.1712,44.9367,1.2609,7.0219,1.0757,0.8346,0.9289,0.878,10B 8 12
476.1856,51.2863,1.4356,8.0405,2.6176,1.229,1.1051,0.5918,5P 3 6
476.3236,44.9579,1.2721,6.9633,0.9216,0.8328,0.9266,0.8648,10B 8 12
476.338,50.9611,1.3553,8.4062,2.3211,1.2194,1.1133,0.809,5P 3 6
476.476,45.4282,1.2725,7.1119,0.9404,0.8307,0.9274,0.8588,10B 8 12
476.4904,51.1533,1.3225,8.6599,2.3334,1.2133,1.1176,0.5549,5P 3 6
476.6284,43.8825,1.2155,6.95,1.0979,0.8303,0.9312,0.8539,10B 8 12
476.6428,47.772,1.2581,7.9525,2.8354,1.2129,1.117,0.7574,10PB 0.2 18
476.7808,45.5256,1.2704,7.155,0.9088,0.8334,0.9361,0.8535,10B 8 12
476.7952,52.7218,1.3224,9.1633,2.3446,1.2188,1.1135,0.6781,5P 3 6
476.9332,45.9545,1.2679,7.3076,0.8613,0.8373,0.9403,0.8586,10B 8 12
476.9476,50.3223,1.2823,8.6287,2.5613,1.2229,1.1094,0.5984,5P 3 6
477.0856,45.4474,1.278,7.0857,1.1132,0.836,0.9426,0.873,10B 8 12
477.1,49.1709,1.1882,8.8106,2.3572,1.2266,1.1067,0.6572,10PB 0.2 18
477.238,44.2755,1.2065,7.1283,1.1169,0.831,0.9423,0.9021,10B 8 12
477.2524,50.1219,1.2888,8.5263,2.3628,1.2311,1.1069,0.7284,5P 3 6
477.3904,44.5468,1.2165,7.1571,1.1661,0.8298,0.939,0.9349,10B 8 12
477.4048,50.3641,1.3141,8.4561,2.105,1.2356,1.1102,0.5727,2.5P 8 2
477.5428,43.3122,1.1458,7.1754,1.2246,0.8344,0.9324,0.9383,7.5P 2 16
477.5572,51.8711,1.3295,8.8488,2.2542,1.2396,1.1156,0.6698,5P 3 6
477.6952,44.4566,1.1602,7.458,1.2406,0.8429,0.9233,0.8974,10B 8 12
477.7096,48.8599,1.3371,7.8388,2.1391,1.2414,1.1219,0.7581,5P 3 6
477.8476,42.4984,1.1094,7.1277,1.2269,0.8557,0.9142,0.8466,10B 8 12
477.862,54.774,1.4826,8.8831,2.014,1.2417,1.1279,0.6305,10B 8 12
478,41.7727,1.0777,7.0805,1.3742,0.868,0.9097,0.8249,10B 8 12
478.0144,53.4841,1.4823,8.4716,2.2754,1.2443,1.1316,0.6304,5P 3 6
478.1524,42.9288,1.1062,7.284,1.1914,0.8807,0.915,0.8397,10B 8 12
478.1668,54.7915,1.5058,8.7534,2.4142,1.2503,1.1316,0.6961,5P 3 6
478.3048,42.9102,1.127,7.1562,1.2493,0.8948,0.9327,0.9371,10B 8 12
478.3192,51.7792,1.492,7.8681,2.1742,1.2551,1.1287,0.7765,5P 3 6
478.4572,42.1723,1.1084,7.0287,1.543,0.9047,0.9602,1.0205,10B 8 12
478.4716,50.8897,1.4819,7.642,1.8312,1.2565,1.1251,0.607,10B 8 12
478.6096,41.5412,1.0764,7.014,1.7683,0.9111,0.9892,0.9683,10B 8 12
478.624,50.945,1.4324,7.9493,1.8497,1.2567,1.1242,0.7268,10B 8 12
478.762,43.0565,1.0997,7.3631,1.8282,0.9158,1.0096,0.8952,7.5PB 4 34
478.7764,51.8156,1.4852,7.9195,2.0039,1.2572,1.1276,0.698,10B 8 12
478.9144,43.2771,1.1002,7.4311,1.6362,0.9195,1.0163,0.8929,10B 8 12
478.9288,51.3163,1.4668,7.8673,2.2551,1.258,1.1346,0.6239,5P 3 6
479.0668,43.1439,1.0728,7.5489,1.7713,0.9228,1.0128,0.913,5P 3 6
479.0812,49.5926,1.4322,7.5173,2.4554,1.259,1.1418,0.6721,5P 3 6
479.2192,43.2077,1.0618,7.6333,1.6397,0.9253,1.0079,0.9278,5BG 0.4 2
479.2336,49.3329,1.3808,7.7347,2.2243,1.2594,1.1453,0.7808,5P 3 6
479.3716,43.8369,1.0649,7.8169,1.6333,0.9265,1.0083,0.9309,5P 3 6
479.386,46.5936,1.3307,7.1495,2.5125,1.259,1.1431,0.6499,5P 3 6
479.524,44.7772,1.0773,8.046,1.6391,0.9282,1.0163,0.9366,5P 3 6
479.5384,48.1153,1.4036,7.2108,2.45,1.2578,1.1362,0.607,5P 3 6
479.6764,44.9423,1.0872,8.0406,1.6039,0.9346,1.0295,0.9443,5P 3 6
479.6908,49.9894,1.4541,7.5163,2.2934,1.2559,1.1277,0.8019,5P 3 6
479.8288,45.6328,1.1278,8.0244,1.7967,0.9452,1.0429,0.9471,5PB 5 18
479.8432,48.4353,1.3994,7.3382,2.0276,1.2535,1.1209,0.6037,5P 3 6
480.1336,50.2763,1.2243,8.9481,1.6652,0.9714,1.055,0.9784,5P 3 6
480.148,53.383,1.4484,8.6377,1.894,1.2449,1.1154,0.7339,10B 8 12
480.286,51.6005,1.2739,9.0821,1.6719,0.9827,1.0532,0.9893,5P 3 6
480.3004,55.1203,1.4971,8.9097,2.0144,1.2406,1.1146,0.6829,10B 8 12
480.4384,49.3793,1.2224,8.6713,1.5822,0.9944,1.0499,0.9718,5P 3 6
480.4528,55.3235,1.4212,9.419,1.8924,1.2376,1.1136,0.6054,5PB 3 32
480.5908,47.4295,1.1881,8.2474,1.5351,1.0021,1.0489,0.9422,5P 3 6
480.6052,53.8821,1.2956,9.6925,1.9897,1.2356,1.1125,0.6484,5P 3 6
480.7432,45.7892,1.1559,7.9101,1.3503,1950,1950,0.9351,5P 3 6
480.7576,55.0769,1.2704,10.2228,2.1396,1.233,1.1111,0.7924,5P 3 6
480.8956,43.8191,1.1278,7.4432,1.3478,1.0113,1.0576,0.9623,10B 8 12
480.91,52.9853,1.15,10.2573,2.2406,1.2291,1.1094,0.6139,5P 3 6
481.048,44.0073,1.1555,7.3414,1.3473,1.0191,1.0631,0.9575,10B 8 12
481.0624,58.0489,1.2818,11.1093,2.0882,1.2249,1.1066,0.6295,5P 3 6
481.2004,42.878,1.1016,7.2952,1.3226,1.0277,1.0668,0.924,10B 8 12
481.2148,57.1763,1.2546,10.9885,2.0421,1.2215,1.1022,0.6868,5P 3 6
481.3528,43.1302,1.136,7.1743,1.2741,1.036,1.0695,0.9312,10B 8 12
481.3672,55.0297,1.2073,10.577,2.1489,1.2201,1.0965,0.7118,5P 3 6
481.5052,41.8242,1.0651,7.171,1.2323,1.0431,1.0728,0.9617,10PB 1 42
481.5196,52.0154,1.1693,9.833,1.9255,1.2204,1.091,0.5921,5P 3 6
481.6576,41.8071,1.0629,7.1783,1.043,1.0528,1.0783,0.9817,10B 8 12
481.672,45.7191,1.1092,8.1661,2.7503,1.2219,1.0877,0.6396,10PB 0.2 18
481.81,40.4957,1.0468,6.852,0.9811,1.0653,1.0858,0.9791,10B 8 12
481.8244,48.0679,1.144,8.7153,2.5236,1.2252,1.0883,0.7472,10PB 0.2 18
481.9624,43.3108,1.0892,7.5063,0.8485,1.0768,1.0946,0.9747,5P 3 6
481.9768,53.5203,1.2661,9.7492,2.2833,1.2289,1.0933,0.5994,5P 3 6
482.1148,45.0636,1.1271,7.8462,0.7976,1.088,1.1036,0.9739,5P 3 6
482.1292,51.4243,1.258,9.1243,2.5234,1.2342,1.1018,0.7462,5P 3 6
482.2672,46.3016,1.1715,7.9828,0.9111,1.0994,1.1118,0.9804,10R 1 12
482.2816,56.0158,1.4558,9.4384,2.2827,1.2411,1.1119,0.6676,10B 8 12
482.4196,46.7211,1.1925,7.9943,0.9992,1.109,1.1183,0.9848,5P 3 6
482.434,56.306,1.4669,9.4668,2.5218,1.2476,1.1215,0.6081,10B 8 12
482.572,50.1224,1.2891,8.5188,0.9402,1.1171,1.1233,0.9828,5P 3 6
482.5864,59.7248,1.5152,10.2803,2.0283,1.2536,1.1285,0.7362,5P 3 6
482.7244,50.9016,1.3161,8.6106,0.9969,1.1234,1.1275,0.9799,5P 3 6
482.7388,57.4581,1.3938,10.2639,2.1012,1.2594,1.1324,0.7263,5P 3 6
482.8768,50.1088,1.31,8.3921,1.1526,1.1269,1.1313,0.9764,10B 8 12
482.8912,56.1373,1.3676,9.9937,2.222,1.2624,1.1336,0.5716,10Y 2 2
483.0292,48.5347,1.2558,8.2046,1.2252,1.1279,1.1341,0.9743,5P 3 6
483.0436,58.5389,1.3938,10.6106,2.1573,1.264,1.1335,0.7504,10B 8 12
483.1816,46.1217,1.2341,7.5587,1.1432,1.1271,1.1343,0.9681,10B 8 12
483.196,59.7104,1.3399,11.3016,2.14,1.2638,1.1335,0.6878,5P 3 6
483.334,42.7938,1.1546,6.9573,1.268,1.1252,1.1306,0.958,10B 8 12
483.3484,61.3046,1.3751,11.6067,1.6859,1.2632,1.1337,0.6302,2.5YR 8 10
483.4864,41.8347,1.1102,6.9097,1.3211,1.1233,1.1235,0.9538,10B 8 12
483.5008,59.6913,1.3986,10.952,1.7113,1.2617,1.1333,0.7043,10B 8 12
483.6388,42.4761,1.1097,7.1183,1.5337,1.1219,1.1155,0.9585,10B 8 12
483.6532,56.1265,1.3034,10.3664,2.1313,1.2603,1.1307,0.739,5P 3 6
483.7912,42.3339,1.0852,7.2167,1.5238,1.1213,1.1101,0.9607,10B 8 12
483.8056,54.4506,1.2834,9.9458,2.2931,1.2583,1.1251,0.6255,5R 4 10
483.9436,40.5288,1.0413,6.8947,1.4238,1.1213,1.1091,0.9635,10B 8 12
483.958,53.5095,1.144,10.4604,2.3646,1.2546,1.1172,0.7676,5P 3 6
484.1104,52.4626,1.1522,10.0768,2.0299,1.2499,1.1094,0.6384,5P 3 6
484.2484,39.766,1,6.8918,1.5329,1.1216,1.1177,0.9669,10PB 1 42
484.2628,48.813,1.1913,8.6776,2.3354,1.2482,1.1043,0.6174,5P 3 6
484.4008,40.2102,1.0156,6.9432,1.7996,1.1214,1.1229,0.9671,10B 8 12
484.4152,48.391,1.164,8.7021,2.3838,1.2499,1.1035,0.7551,10PB 0.2 18
484.5532,41.4339,1.0241,7.2857,1.4223,1.1199,1.1262,0.9613,10B 8 12
484.5676,47.6598,1.1115,8.7747,2.2038,1.2559,1.107,0.5857,10PB 0.2 18
484.7056,39.1618,0.9602,6.9313,1.4476,1.1174,1.1269,0.958,10B 8 12
484.72,48.5264,1.1591,8.7738,2.3681,1.2661,1.1141,0.7127,10PB 0.2 18
484.858,38.9561,0.9015,7.2091,1.3918,1.1141,1.1251,0.9651,10B 8 12
484.8724,47.6075,1.1928,8.282,2.5107,1.2767,1.1243,0.6479,10PB 0.2 18
485.0104,39.149,0.9063,7.243,1.4644,1.1104,1.1217,0.9721,5P 3 6
485.0248,48.416,1.1817,8.6065,2.7665,1.2834,1.1381,0.6297,5G 7 34
485.1628,38.6345,0.8424,7.4523,1.6243,1.1065,1.1169,0.9614,5G 7 34
485.1772,47.4979,1.0931,8.8305,2.9638,1.2882,1.1548,0.7402,10PB 0.2 18
485.3152,36.5909,0.8168,6.9466,1.6426,1.1027,1.1105,0.9423,10B 8 12
485.3296,50.9291,1.1644,9.5133,2.8547,1.2911,1.1713,0.769,5P 3 6
485.4676,35.2294,0.8012,6.6019,1.5471,1.0986,1.1025,0.937,10B 8 12
485.482,52.3819,1.2388,9.5438,2.5652,1.2887,1.1825,0.6701,5P 3 6
485.62,33.7478,0.756,6.3915,1.6217,1.0943,1.0938,0.9458,10GY 4 4
485.6344,51.1264,1.2345,9.1664,2.3311,1.2768,1.1841,0.699,5P 3 6
485.7724,33.6481,0.753,6.377,1.5944,1.0894,1.0859,0.9553,10B 8 12
485.7868,46.2226,1.0624,8.6015,2.6088,1.2635,1.1752,0.7571,10G 4 18
485.9248,34.0899,0.77,6.4195,1.6466,1.0841,1.0803,0.9616,7.5PB 4 34
485.9392,48.7455,1.0281,9.6114,2.5338,1.2534,1.1588,0.5664,10PB 0.2 18
486.0772,33.8351,0.7638,6.3738,1.5069,1.0788,1.0778,0.9659,10B 8 12
486.0916,50.2752,1.1348,9.4772,2.5193,1.2455,1.1399,0.7327,10PB 0.2 18
486.2296,32.8367,0.774,5.994,1.5442,1.0755,1.0777,0.9715,5PB 1 14
486.244,54.961,1.1985,10.6069,2.0919,1.24,1.123,0.6913,5P 3 6
486.382,32.6159,0.757,6.0225,1.4346,1.077,1.0791,0.9783,10B 8 12
486.3964,54.1322,1.1573,10.5823,2.1326,1.2372,1.1115,0.6033,10GY 6 18
486.5344,31.273,0.7443,5.6663,1.3773,1.091,1.081,0.9857,10B 8 12
486.5488,49.6565,1.0592,9.7215,2.2249,1.235,1.1064,0.7079,10PB 0.2 18
486.6868,31.8338,0.7758,5.6616,1.4112,1.1237,1.0827,0.9887,7.5P 2 16
486.7012,50.3589,1.0793,9.8289,2.0359,1.2324,1.1069,0.6958,5Y 6 16
486.8392,32.5194,0.8242,5.5983,1.2833,1.1657,1.0858,0.9765,5R 4 10
486.8536,48.8354,1.1138,9.1381,2.0803,1.2317,1.111,0.599,10GY 6 18
486.9916,32.7932,0.832,5.6401,1.1845,1.1977,1.0949,0.963,10B 8 12
487.006,52.3636,1.2678,9.3681,2.0444,1.2318,1.1167,0.6546,5P 3 6
487.144,31.8643,0.7921,5.5759,1.0916,1.216,1.118,0.9881,10B 8 12
487.1584,53.91,1.3069,9.6353,1.916,1.2327,1.1222,0.7516,5P 3 6
487.2964,31.0934,0.7666,5.4783,0.9754,1.2275,1.1618,1.0826,10B 8 12
487.3108,53.5621,1.3352,9.3577,2.385,1.2351,1.1266,0.6486,5P 3 6
487.4488,30.6291,0.7441,5.4613,0.9111,1.2362,1.2226,1.2128,10B 8 12
487.4632,57.2348,1.4956,9.5962,2.0919,1.2422,1.1294,0.6123,10B 8 12
487.6012,30.0043,0.7257,5.3685,0.8134,1.2424,1.2808,1.1825,5P 3 6
487.6156,59.996,1.6265,9.7157,2.1479,1.2515,1.1315,0.7335,10B 8 12
487.7536,30.2984,0.7123,5.5414,0.7983,1.2452,1.308,1.0615,5P 3 6
487.768,57.7827,1.5852,9.2477,2.1863,1.2553,1.1347,0.7308,10B 8 12
487.906,29.9615,0.6884,5.5737,1.0009,1.2445,1.2911,1.019,5P 3 6
487.9204,51.8037,1.5223,7.6985,2.4035,1.2572,1.1403,0.6121,5P 3 6
488.0584,31.5111,0.7334,5.8069,1.0627,1.241,1.2456,1.0224,10B 8 12
488.0728,48.8841,1.4664,7.0897,2.2892,1.2592,1.1476,0.7435,10BG 6 12
488.2108,32.9724,0.7353,6.2638,1.0596,1.2342,1.201,1.0245,2.5G 7 2
488.2252,50.4842,1.4962,7.4283,2.004,1.2614,1.154,0.5929,10B 8 12
488.3632,33.6201,0.7144,6.5942,0.9619,1.2197,1.1771,1.0231,5P 3 6
488.3776,51.4991,1.529,7.5618,2.2371,1.2627,1.1569,0.6813,5P 3 6
488.5156,32.2192,0.6941,6.2638,1.0498,1.1989,1.1782,1.0191,5P 3 6
488.53,56.4809,1.5963,8.765,2.0506,1.2632,1.1556,0.6925,10B 8 12
488.668,30.1849,0.6712,5.7458,1.1511,1.1815,1.1978,1.0175,2.5R 6 22
488.6824,56.8988,1.5746,9.026,2.3311,1.2626,1.1519,0.7406,10B 8 12
488.8204,29.3434,0.647,5.6178,1.1659,1.1681,1.2241,1.0362,5P 3 6
488.8348,54.1753,1.551,8.2909,2.4408,1.2599,1.1481,0.5731,5P 7 20
488.9728,27.7302,0.6004,5.3735,1.2502,1.146,1.2432,1.0683,5P 3 6
488.9872,53.002,1.5471,7.9377,2.4641,1.2586,1.1458,0.7303,5P 3 6
489.1252,27.2156,0.6194,5.0973,1.3103,1.1221,1.2437,1.1108,5P 3 6
489.1396,52.0631,1.5294,7.74,2.4713,1.2583,1.1454,0.6938,5P 3 6
489.2776,25.2348,0.5398,4.9289,1.31,1.0967,1.2216,1.1458,5P 3 6
489.292,51.3344,1.5879,7.1641,2.3147,1.259,1.1468,0.6152,5P 3 6
489.43,25.5081,0.5263,5.095,1.1799,1.0724,1.1824,1.0697,5P 3 6
489.4444,50.7553,1.4866,7.5715,2.0985,1.2604,1.1492,0.7093,5P 3 6
489.5824,24.9521,0.5337,4.8736,1.0863,1.0485,1.1371,0.9618,5P 3 6
489.7348,25.2579,0.5213,5.0445,1.1071,1.0222,1.0958,0.8977,5P 3 6
489.7492,52.3362,1.5106,7.9377,2.0202,1.2582,1.1525,0.6246,10P 5 30
489.8872,25.289,0.5656,4.795,1.2652,1.0004,1.0635,0.8802,5P 3 6
489.9016,49.7367,1.5345,6.9642,2.3161,1.2563,1.1516,0.6616,10PB 0.2 18
490.0396,26.2068,0.5748,5.0351,1.1905,0.9879,1.0407,0.8755,5P 3 6
490.054,48.4458,1.4824,6.8554,2.4943,1.2535,1.1485,0.744,5P 3 6
490.192,27.0559,0.5789,5.2833,1.0169,0.9839,1.0264,0.8849,5P 3 6
490.2064,48.1314,1.4785,6.7777,2.4352,1.2516,1.1437,0.6986,5P 3 6
490.3444,26.9063,0.5775,5.2434,0.9484,0.9899,1.0215,0.8971,5P 3 6
490.3588,48.4772,1.5328,6.5701,2.3915,1.2511,1.1385,0.6074,5P 3 6
490.4968,27.1721,0.5915,5.2468,0.9768,1.0035,1.0276,0.909,10G 4 18
490.5112,46.7836,1.446,6.5354,2.5653,1.251,1.1347,0.7503,5P 3 6
490.6492,27.8229,0.6104,5.3448,0.9639,1.0195,1.0451,0.9196,5P 3 6
490.6636,47.9351,1.4858,6.6718,2.723,1.2517,1.1338,0.6397,5P 3 6
490.8016,27.0174,0.5896,5.2086,0.9121,1.0381,1.0709,0.9398,5P 3 6
490.816,49.1671,1.488,7.0538,2.6999,1.2542,1.1368,0.7086,5YR 5 14
490.954,27.282,0.6007,5.2282,0.9299,1.0557,1.0986,0.9651,5P 3 6
490.9684,50.1871,1.5199,7.1944,2.9534,1.2574,1.1439,0.6621,10R 1 12
491.1064,28.6932,0.6799,5.2173,1.1237,1.0726,1.1201,0.9603,5P 3 6
491.1208,50.6238,1.5203,7.3319,2.5935,1.2597,1.1536,0.6565,2.5BG 3 24
491.2588,30.6825,0.7298,5.5629,1.294,1.0923,1.1303,0.9679,10B 8 12
491.2732,52.6151,1.6339,7.3054,2.8968,1.2627,1.1639,0.737,5P 3 6
491.4112,32.9171,0.8209,5.7452,1.4199,1.1089,1.1315,0.978,10B 8 12
491.4256,53.1238,1.5648,7.8732,2.6596,1.2672,1.1726,0.7367,2.5G 7 2
491.5636,35.2315,0.9007,6.0204,1.4473,1.122,1.1302,0.9767,10B 8 12
491.578,53.1698,1.4321,8.6648,2.6145,1.2707,1.1777,0.5963,5P 3 6
491.716,37.4769,0.9949,6.1888,1.7112,1.134,1.1327,0.9549,10B 8 12
491.7304,50.0596,1.3575,8.1044,2.3754,1.2718,1.1783,0.7614,5P 3 6
491.8684,41.5013,1.0827,6.9647,1.7751,1.1426,1.1427,0.9324,10B 8 12
491.8828,48.9635,1.4122,7.4327,2.4626,1.2721,1.175,0.6984,5P 3 6
492.0208,44.1464,1.1484,7.4279,1.6752,1.1487,1.1593,0.9345,10B 8 12
494.764,34.5418,0.7775,6.5199,1.4161,1.1842,1.2069,1.0124,10B 8 12
494.7784,39.7118,1.1781,5.8366,2.8485,1.1728,1.0747,0.5966,10PB 0.2 18
494.9308,41.5912,1.2062,6.2748,2.4244,1.1698,1.0743,0.7242,10PB 0.2 18
495.0688,35.7953,0.8232,6.6544,1.3782,1.1758,1.1941,0.9863,10B 8 12
495.0832,44.2111,1.3383,6.3413,2.4728,1.1673,1.075,0.6487,5P 3 6
495.2212,38.5756,0.9188,6.986,1.2821,1.1699,1.1848,0.9794,10B 8 12
495.2356,44.7518,1.4114,6.0868,2.0514,1.1652,1.0756,0.5929,10P 5 14
495.3736,39.6742,0.9449,7.1852,1.1836,1.165,1.1762,0.9867,5P 3 6
495.388,46.8166,1.4134,6.7369,1.6875,1.1632,1.0754,0.6845,10B 8 12
495.526,37.8294,0.9411,6.6162,1.2136,1.1604,1.1701,0.9879,10B 8 12
495.5404,48.8475,1.4443,7.2076,1.606,1.1618,1.0746,0.677,2.5BG 3 24
495.6784,37.3199,0.9438,6.4368,1.0881,1.1556,1.1669,0.9916,10B 8 12
495.6928,46.5127,1.3903,6.775,1.946,1.1605,1.0735,0.5857,10B 8 12
495.8308,35.6064,0.8889,6.2091,1.2011,1.1512,1.1666,0.9946,5Y 6 16
495.8452,45.9083,1.3619,6.7474,2.038,1.16,1.0726,0.6765,7.5G 1 2
495.9832,37.2279,0.8999,6.6644,1.1982,1.1478,1.1688,0.9949,10B 8 12
495.9976,45.1676,1.3125,6.7987,1.9653,1.1601,1.0718,0.6808,2.5P 8 2
496.1356,35.7069,0.8856,6.2609,1.3631,1.1452,1.173,1.0038,10B 8 12
496.15,46.0238,1.2594,7.3844,1.9834,1.1614,1.071,0.5801,5P 3 6
496.288,35.3463,0.8622,6.2822,1.4067,1.1431,1.178,1.0061,10B 8 12
496.3024,50.0477,1.2787,8.5616,1.6588,1.1629,1.0701,0.7484,5P 3 6
496.4404,33.2131,0.8279,5.7997,1.5139,1.1464,1.1833,1.0095,10B 8 12
496.4548,50.2541,1.2934,8.5419,1.6772,1.1652,1.0696,0.6067,5P 3 6
496.5928,33.6239,0.8652,5.7125,1.431,1.1521,1.1898,0.9981,10B 8 12
496.6072,49.2277,1.2361,8.548,1.7743,1.1681,1.0714,0.714,10BG 6 12
496.7452,35.0857,0.9007,5.9733,1.5059,1.1588,1.1998,0.9857,10B 8 12
496.7596,46.6232,1.1285,8.3432,1.769,1.1698,1.0768,0.6513,5P 3 6
496.8976,34.5733,0.8915,5.8631,1.5728,1.1655,1.2162,0.995,5P 3 6
496.912,44.0912,1.0017,8.2737,1.7737,1.17,1.0853,0.6261,5GY 6 16
497.05,32.9689,0.8464,5.6131,1.5001,1.1633,1.2381,1.0301,5P 7 20
497.0644,42.1858,0.9891,7.736,2.0622,1.1685,1.0935,0.7193,5P 3 6
497.2024,32.0062,0.8051,5.5459,1.4633,1.1467,1.2567,1.11,10B 8 12
497.2168,43.9245,1.0425,7.9808,2.2935,1.165,1.0967,0.6772,10PB 0.2 18
497.3548,30.4158,0.7305,5.4729,1.6027,1.1314,1.2588,1.1641,10B 8 12
497.3692,49.0143,1.2189,8.5801,2.1219,1.1601,1.0921,0.5989,5P 3 6
497.5072,29.8232,0.7224,5.3306,1.5654,1.1126,1.2368,1.1597,10R 1 12
497.5216,47.6409,1.236,8.0402,2.0587,1.1549,1.0811,0.6778,10GY 4 4
497.6596,28.9049,0.7067,5.1283,1.3544,1.0924,1.1955,1.0546,10B 8 12
497.674,44.5165,1.1807,7.3618,2.1655,1.1484,1.0677,0.6747,5P 3 6
497.812,30.3934,0.7489,5.358,1.1543,1.078,1.1487,0.9636,2.5BG 3 24
497.8264,42.5054,1.1979,6.6162,2.1547,1.1416,1.0554,0.5926,10PB 0.2 18
497.9644,30.193,0.7588,5.2357,1.1075,1.0659,1.1103,0.9231,10B 8 12
497.9788,42.8356,1.2544,6.3911,2.558,1.1344,1.0459,0.6806,10PB 0.2 18
498.1168,31.32,0.769,5.5377,1.1191,1.0606,1.0885,0.9085,10B 8 12
498.1312,44.4039,1.2755,6.7709,2.7278,1.1262,1.0384,0.6587,10PB 0.2 18
498.2692,30.9469,0.7255,5.6726,1.0661,1.06,1.0847,0.9269,10B 8 12
498.2836,47.723,1.3356,7.4829,2.5418,1.1195,1.0311,0.5769,5P 3 6
498.4216,30.564,0.6992,5.7038,1.0793,1.0639,1.0972,0.9927,5P 3 6
498.436,46.7612,1.3178,7.2787,2.3758,1.1128,1.0228,0.6466,5P 3 6
498.574,31.3715,0.6881,6.0276,0.9836,1.0697,1.122,1.0356,5P 3 6
498.5884,41.9281,1.2078,6.3733,2.2669,1.1053,1.0137,0.6528,10PB 2 42
498.7264,33.169,0.7351,6.3287,1.0578,1.0778,1.1524,1.0273,5P 3 6
498.7408,40.3567,1.2153,5.8251,2.2677,1.0992,1.0057,0.5375,10B 2 6
498.8788,34.1374,0.7563,6.5145,1.1075,1.0929,1.1814,1.0098,5P 3 6
498.8932,39.2287,1.2259,5.4018,2.6051,1.0957,1.0011,0.6403,5PB 1 14
499.0312,34.6797,0.7913,6.4837,1.1251,1.113,1.2049,1.0243,10B 8 12
499.0456,39.7523,1.1512,6.0071,2.9845,1.0947,1.0011,0.5594,5G 7 34
499.1836,35.1925,0.8349,6.3932,1.1921,1.1338,1.2221,1.0516,10B 8 12
499.198,42.5704,1.1368,6.995,2.9454,1.0979,1.0058,0.6417,10R 1 12
499.4884,36.9287,0.8816,6.6757,1.3903,1.1578,1.2409,1.0708,10B 8 12
499.5028,40.7749,0.9836,7.316,2.8036,1.1219,1.0221,0.5681,10PB 0.2 18
499.6408,34.3279,0.8126,6.2462,1.408,1.1558,1.2431,1.057,10B 8 12
499.6552,38.8964,0.8953,7.2307,2.6858,1.139,1.0302,0.6681,10PB 0.2 18
499.7932,32.1688,0.7982,5.6382,1.2751,1.1454,1.2383,1.0218,10GY 6 18
499.8076,38.7769,0.9354,6.9578,2.8366,1.1548,1.0375,0.6513,10PB 0.2 18
499.9456,31.7,0.7842,5.5703,1.2104,1.1238,1.2251,1.0021,10B 8 12
499.96,36.1301,0.9165,6.2195,3.046,1.1688,1.0451,0.6099,5PB 5 18
500.098,29.826,0.7321,5.2741,1.1868,1.0976,1.2031,0.9937,10B 8 12
500.1124,35.1031,0.9305,5.8082,3.2396,1.1826,1.0539,0.676,10PB 0.2 18
500.2504,27.0202,0.66,4.7971,1.3887,1.0688,1.1731,0.972,5P 3 6
500.2648,35.0643,0.9698,5.5658,3.6592,1.1919,1.0653,0.6283,5P 3 6
500.4028,26.8054,0.6639,4.7052,1.3193,1.0413,1.138,0.9395,5P 3 6
500.4172,37.5882,1.0613,5.8392,3.9252,1.1971,1.0806,0.7503,5P 3 6
500.5552,27.7833,0.6629,5.0248,1.3022,1.0182,1.1023,0.9175,5P 3 6
500.5696,39.3857,1.0722,6.3519,3.8252,1.1996,1.0999,0.6615,10PB 0.2 18
500.7076,28.3523,0.6523,5.2691,1.2174,1.0025,1.0704,0.9078,5P 3 6
500.722,36.6331,1.0358,5.6825,3.8537,1.2003,1.1192,0.665,2.5R 6 22
500.86,27.4424,0.6186,5.1747,1.2639,0.9925,1.045,0.8888,5P 3 6
500.8744,34.2832,1.0019,5.1275,3.8523,1.2003,1.1317,0.7237,5PB 5 18
501.0124,26.6316,0.6137,4.9435,1.3747,0.9889,1.0291,0.8533,5P 3 6
501.0268,33.9292,1.0341,4.8255,3.7859,1.1997,1.1314,0.6303,5P 3 6
501.1648,26.6806,0.5962,5.0619,1.4078,0.9904,1.0249,0.8306,5P 7 20
501.1792,34.6086,1.0582,4.9021,3.5398,1.198,1.1187,0.7146,10PB 0.2 18
501.3172,27.421,0.6097,5.2198,1.3389,0.9922,1.0324,0.8465,5P 3 6
501.3316,34.5208,1.0389,4.9867,3.3658,1.1962,1.1012,0.6125,10PB 0.2 18
501.4696,27.3505,0.5885,5.3218,1.3822,0.9902,1.047,0.903,5P 3 6
501.484,36.229,1.0013,5.7546,3.0103,1.1948,1.0884,0.6968,10PB 0.2 18
501.622,26.1476,0.5736,5.0233,1.4805,0.986,1.0601,0.9311,5P 3 6
501.6364,38.8996,1.0118,6.5498,2.7908,1.1948,1.0852,0.641,10PB 0.2 18
501.7744,25.2704,0.5417,4.9287,1.4652,0.9812,1.0609,0.9377,10GY 6 18
501.7888,39.2633,0.979,6.858,2.6637,1.1978,1.0907,0.6655,10B 2 6
501.9268,24.8641,0.5759,4.5981,1.4996,0.978,1.043,0.9043,5P 3 6
501.9412,43.479,1.0438,7.8308,2.4139,1.2032,1.1006,0.6593,10PB 0.2 18
502.0792,23.5868,0.5159,4.5403,1.6029,0.9762,1.0106,0.8818,5P 3 6
502.0936,48.9279,1.1565,8.9178,2.0008,1.2104,1.1104,0.6035,5P 3 6
502.2316,23.2082,0.5262,4.3584,1.6325,0.9765,0.9777,0.8139,5P 3 6
502.246,52.0925,1.2566,9.347,1.822,1.2195,1.117,0.7492,5P 3 6
502.384,22.2906,0.5157,4.1261,1.6555,0.9924,0.9618,0.8043,10B 8 12
502.3984,55.9971,1.3105,10.2831,1.5326,1.231,1.1201,0.6247,5P 3 6
502.5364,22.1266,0.526,4.0129,1.642,1.0243,0.9781,0.8221,5P 3 6
502.5508,54.3214,1.3104,9.7463,1.5735,1.2493,1.1215,0.7584,2.5G 1 8
502.6888,23.4409,0.5406,4.3486,1.5009,1.0409,1.0341,0.8076,5P 3 6
502.7032,52.0049,1.2279,9.4866,1.5048,1.2703,1.1235,0.6471,5P 3 6
502.8412,24.0905,0.5597,4.4453,1.6015,1.0374,1.1209,0.8561,5P 3 6
502.8556,53.4916,1.2092,10.0731,1.3298,1.2859,1.1289,0.7501,5P 3 6
502.9936,24.2272,0.5823,4.3567,1.6705,1.0339,1.203,0.948,5P 3 6
503.008,52.6489,1.2016,9.8471,1.4135,1.2915,1.1391,0.6434,5P 3 6
503.146,25.7545,0.6312,4.5598,1.6835,1.049,1.2307,1.0686,10PB 1 42
503.1604,52.5578,1.2332,9.633,1.3893,1.293,1.1525,0.7902,5P 3 6
503.2984,25.8211,0.6416,4.5202,1.6769,1.0697,1.187,1.1452,10P 5 30
503.3128,53.2656,1.2041,10.0303,1.05,1.2942,1.164,0.6556,5P 3 6
503.4508,25.5821,0.6737,4.256,1.6217,1.0851,1.1062,1.0071,5P 3 6
503.4652,54.6928,1.2119,10.4422,0.901,1.2958,1.1681,0.6934,5P 3 6
503.6032,24.3051,0.613,4.2017,1.2805,1.1037,1.0372,0.9233,5PB 3 32
503.6176,54.6981,1.2294,10.3412,0.876,1.299,1.1651,0.7168,5G 7 34
503.7556,22.86,0.6,3.8144,1.1569,1.1281,1.0152,0.8887,5P 3 6
503.77,55.3696,1.1488,11.0286,1.1056,1.2952,1.1634,0.5948,10PB 0.2 18
503.908,23.2816,0.6025,3.9351,0.9986,1.1522,1.0625,0.8772,5GY 6 16
503.9224,56.4666,1.123,11.5316,1.1719,1.2829,1.1729,0.6045,10PB 0.2 18
504.0604,22.7739,0.6015,3.7784,1.0623,1.1758,1.1944,1.0683,5P 3 6
504.0748,56.1317,1.1194,11.4452,1.1809,1.2746,1.1949,0.6997,2.5BG 5 16
504.2128,23.0997,0.585,3.9793,1.1386,1.1991,1.4077,1.3957,5P 3 6
504.2272,53.8648,1.0433,11.1637,0.8252,1.2686,1.2182,0.7621,10PB 0.2 18
504.3652,22.4682,0.5799,3.8067,1.1706,1.2138,1.633,1.9118,2.5G 7 2
504.3796,52.1409,1.0194,10.7512,0.9333,1.2618,1.2266,0.6139,10PB 0.2 18
504.5176,25.8828,0.7023,4.1844,1.3663,1.2175,1.7177,1.7685,10PB 0.2 18
504.532,48.3878,0.9963,9.6828,0.9577,1.2564,1.2146,0.708,5P 3 6
504.67,28.725,0.7693,4.7036,1.6485,1.2196,1.6035,1.4795,10PB 0.2 18
504.6844,47.8635,1.01,9.4342,0.899,1.2547,1.1925,0.8265,5P 3 6
504.8224,30.012,0.7917,4.985,1.8692,1.2257,1.4163,1.3675,10PB 0.2 18
504.8368,47.2507,1.0388,9.0694,0.8835,1.2568,1.1728,0.8634,5P 3 6
504.9748,29.1872,0.7421,5.0107,1.7868,1.2214,1.2675,1.2355,10PB 0.2 18
504.9892,47.6431,1.1161,8.7426,1.2332,1.2597,1.1575,0.7994,5P 3 6
505.1272,29.1772,0.7094,5.1991,1.6023,1.214,1.1805,1.0591,10B 8 12
505.1416,50.0796,1.1819,9.1384,1.4495,1.2516,1.1404,0.7548,5P 3 6
505.2796,28.8107,0.7264,4.9817,1.7072,1.1986,1.1436,0.9353,5P 3 6
505.294,51.0194,1.1892,9.397,1.658,1.2377,1.1175,0.7233,5P 3 6
505.432,29.0807,0.7078,5.1774,1.6446,1.1121,1.1372,0.9531,10B 8 12
505.4464,49.5096,1.2606,8.495,2.0615,1.2251,1.0928,0.6694,5P 3 6
505.5844,29.3995,0.7125,5.2517,1.853,1.0175,1.1385,0.9515,7.5YR 9 20
505.5988,47.5515,1.2698,7.8132,1.8951,1.2064,1.0749,0.7291,5P 3 6
505.7368,30.2508,0.7052,5.5676,1.9687,0.9563,1.1279,0.9187,5YR 5 14
505.7512,47.2003,1.2807,7.6367,1.726,1.1893,1.0687,0.7117,5PB 1 14
505.8892,31.5915,0.7536,5.7141,1.8659,0.9309,1.0978,0.9299,10B 8 12
505.9036,45.7797,1.2512,7.3542,1.9277,1.1771,1.072,0.6926,10P 5 14
506.0416,31.8616,0.7412,5.873,2.0166,0.9144,1.0526,0.9159,10G 4 18
506.056,47.2591,1.2697,7.7203,1.8746,1.1585,1.0782,0.7827,5P 3 6
506.194,32.3219,0.7133,6.1839,1.9517,0.9058,1.0041,0.889,10B 8 12
506.2084,48.1253,1.2698,7.9971,1.8256,1.1407,1.0811,0.6888,5P 3 6
506.3464,33.146,0.7344,6.325,1.7751,0.904,0.9657,0.8601,10R 1 12
506.3608,47.7306,1.2384,8.0546,1.9604,1.1271,1.077,0.5904,5P 3 6
506.4988,32.3727,0.7368,6.0629,1.7557,0.9046,0.9458,0.8848,10B 8 12
506.5132,46.526,1.1958,7.9178,2.0879,1.1139,1.0653,0.7326,5P 3 6
506.6512,30.7187,0.7236,5.6101,1.5572,0.9038,0.9468,0.8763,10B 8 12
506.6656,44.7153,1.1578,7.5597,2.3723,1.1055,1.0487,0.719,7.5P 0.8 16
506.8036,29.1036,0.734,5.0318,1.607,0.903,0.9656,0.8875,5P 3 6
506.818,43.492,1.1586,7.1628,2.3986,1.1029,1.0318,0.6127,10PB 0.2 18
506.956,28.978,0.7144,5.1062,1.3279,0.902,0.9926,0.9054,10B 8 12
506.9704,44.5722,1.1583,7.5111,2.3012,1.0988,1.0185,0.6961,10PB 0.2 18
507.1084,30.1743,0.77,5.164,1.329,0.9006,1.0127,0.8967,10B 8 12
507.1228,47.114,1.1336,8.4702,1.9369,1.0934,1.0114,0.6017,10GY 6 18
507.2608,30.6203,0.7885,5.1987,1.3248,0.8986,1.0126,0.8581,10B 8 12
507.2752,49.4058,1.1001,9.4013,1.8582,1.0907,1.0102,0.7008,10GY 6 18
507.4132,34.7056,0.9065,5.8174,1.2058,0.8956,0.9912,0.8187,2.5YR 8 10
513.9808,55.0632,1.6471,8.013,2.575,1.4338,1.35,0.8299,5P 3 6
514.1332,56.7848,1.7503,7.9611,2.4127,1.4203,1.3323,0.7923,5P 3 6
514.2856,57.8749,1.7658,8.2199,2.2436,1.3999,1.301,0.7827,10B 8 12
514.438,59.1208,1.7715,8.5858,2.0929,1.3883,1.2678,0.754,10B 8 12
514.5904,57.7751,1.7098,8.5154,2.1763,1.3942,1.2379,0.7282,10B 8 12
514.7428,52.8556,1.5648,7.7871,2.2392,1.403,1.2124,0.8109,5P 3 6
514.8952,48.4809,1.4217,7.2222,2.3368,1.3947,1.1928,0.8047,5P 3 6
523.582,69.2741,1.9107,11.0263,1.7452,1.6,1.3876,0.8868,10B 8 12
523.7344,69.8099,1.7972,11.8631,1.325,1.585,1.3761,0.8688,10B 8 12
523.8868,71.1038,1.8064,12.2239,1.2588,1.577,1.379,0.8165,10PB 2 42
524.0392,72.8143,1.9437,11.9688,1.47,1.5712,1.388,0.8687,10B 8 12
524.1916,73.8738,1.9973,11.9947,1.5764,1.566,1.3971,0.9149,10B 8 12
524.6488,70.2058,1.9803,10.9179,2.4128,1.5896,1.4115,0.8183,2.5G 1 8
524.8012,70.6723,2.041,10.7118,2.4732,1.5975,1.4149,0.9324,10B 8 12
524.9536,71.6132,2.1056,10.6358,2.2385,1.6077,1.4194,0.8781,10B 8 12
525.106,73.4273,2.1709,10.835,1.8803,1.6177,1.4268,0.8038,10B 8 12
525.2584,72.9738,2.1502,10.811,1.8144,1.6258,1.4375,0.8362,10B 8 12
525.4108,69.949,2.1789,9.6729,2.2755,1.6333,1.4499,0.8459,10B 8 12
525.5632,71.3847,2.2892,9.4872,2.7459,1.6375,1.4601,0.9272,10R 1 12
533.1832,56.8483,1.7615,7.9158,3.1733,1.5707,1.4152,0.7639,10B 8 12
533.3356,60.9784,1.8099,8.9568,2.8503,1.5634,1.3958,0.7581,5R 4 10
533.488,64.1132,1.8358,9.8104,2.6671,1.5552,1.3651,0.8106,10B 8 12
533.6404,64.7654,1.7621,10.4507,2.7873,1.5484,1.3376,0.7857,10B 8 12
533.7928,64.068,1.6748,10.7381,2.8994,1.5409,1.3228,0.8136,10B 8 12
533.9452,65.7408,1.6912,11.1786,2.8523,1.5206,1.3207,0.7965,10B 8 12
534.0976,68.2809,1.7298,11.7673,2.4565,1.4981,1.3248,0.7274,10B 8 12
534.25,71.7831,1.7407,12.8263,2.1271,1.4849,1.3284,0.7245,10B 8 12
534.4024,72.2853,1.7202,13.1073,2.0658,1.4793,1.3279,0.738,10B 8 12
534.5548,72.9994,1.7534,13.142,1.9474,1.4813,1.3236,0.7761,10RP 5 22
534.7072,75.5622,1.8107,13.6285,1.7028,1.4871,1.3188,0.8358,10B 8 12
534.8596,76.9186,1.8744,13.6901,1.7904,1.4911,1.317,0.7953,10GY 4 4
535.012,78.4123,1.9545,13.7006,1.965,1.4935,1.3186,0.7685,10Y 2 2
535.1644,79.4606,2.0408,13.5313,2.2059,1.4944,1.3213,0.7323,10B 8 12
535.3168,78.7947,2.1415,12.7282,2.2761,1.4955,1.3221,0.7416,10B 8 12
535.4692,79.8993,2.1902,12.7974,2.1093,1.497,1.3189,0.8286,10PB 0.2 18
535.6216,79.7318,2.1918,12.7344,2.278,1.4976,1.3122,0.8184,10PB 0.2 18
535.774,75.6215,2.1887,11.4342,2.5686,1.4971,1.305,0.8002,10B 8 12
535.9264,72.1956,2.1597,10.5057,2.7246,1.4949,1.2999,0.857,2.5BG 3 24
536.0788,69.4007,2.0294,10.3724,2.6873,1.491,1.2978,0.9136,10B 8 12
536.2312,69.6445,1.9985,10.6312,2.6724,1.4869,1.2983,0.8379,10B 8 12
536.3836,70.7682,2.0353,10.776,2.8772,1.484,1.3002,0.8077,10B 8 12
536.536,69.3835,1.9215,10.9981,3.0157,1.482,1.3021,0.8036,10PB 1 42
536.6884,68.0911,1.844,11.0379,2.9875,1.4809,1.3036,0.8287,10B 8 12
536.8408,65.8403,1.8453,10.3083,2.9839,1.4817,1.3052,0.8391,10B 8 12
536.9932,65.7839,1.8615,10.1957,2.9608,1.4852,1.3078,0.7592,10B 8 12
537.1456,65.772,1.8967,9.9856,3.0831,1.4904,1.3124,0.712,10GY 6 18
537.298,65.384,1.8637,10.0542,2.6848,1.4965,1.3192,0.7702,10GY 6 18
537.4504,64.5868,1.8057,10.1381,2.6611,1.5028,1.3278,0.6895,10B 8 12
537.6028,65.2615,1.8626,10.0213,2.7934,1.5081,1.3366,0.6368,2.5G 7 2
537.7552,69.1297,2.077,10.0069,2.501,1.5145,1.344,0.6977,10B 8 12
537.9076,70.9918,2.1608,10.113,2.3748,1.5243,1.3491,0.7741,7.5PB 4 34
538.06,68.9087,2.0424,10.1383,2.4332,1.5364,1.3526,0.7571,10B 8 12
538.2124,71.8467,2.0889,10.808,2.1985,1.5488,1.3572,0.7869,10B 8 12
538.3648,76.0229,2.1544,11.7636,1.7663,1.5584,1.3664,0.9137,10B 8 12
538.5172,74.9107,2.0447,12.0497,1.8434,1.5625,1.3817,0.8065,10B 8 12
538.6696,72.0992,1.8708,12.1663,2.0183,1.5644,1.4002,0.8226,10B 8 12
538.822,71.4507,1.7849,12.4609,2.0035,1.5675,1.4149,0.7274,5PB 3 32
538.9744,74.6503,1.8891,12.877,1.8865,1.5703,1.4194,0.6959,10B 8 12
539.1268,78.9295,2.0462,13.3292,1.6286,1.5724,1.4131,0.6754,7.5P 2 16
539.2792,81.227,2.1159,13.6577,1.5105,1.5747,1.4015,0.6517,10B 8 12
539.4316,79.3326,1.9897,13.7891,1.7453,1.5733,1.3919,0.7504,10R 1 12
539.584,78.6769,1.9865,13.5979,1.8122,1.5678,1.3883,0.9126,2.5BG 5 16
539.7364,77.8245,2.0601,12.8935,1.8946,1.5626,1.3893,0.9031,7.5YR 9 20
539.8888,76.6542,2.1138,12.2041,2.2223,1.5577,1.3913,0.7904,10B 8 12
540.0412,74.0063,2.0601,11.6694,2.5123,1.5536,1.3909,0.7237,10B 8 12
540.1936,75.4827,2.1031,11.8912,2.2808,1.5509,1.3872,0.7779,10B 8 12
540.346,76.707,2.1797,11.835,1.9805,1.548,1.3812,0.7446,10B 8 12
540.4984,76.8306,2.2186,11.647,1.9761,1.5454,1.374,0.8564,10B 8 12
540.6508,75.3331,2.1584,11.5193,2.26,1.5433,1.3664,0.831,10B 8 12
540.8032,74.6508,2.0791,11.7649,2.7647,1.5398,1.3592,0.831,10B 8 12
540.9556,72.9163,1.9939,11.7075,3.153,1.5348,1.3537,0.8665,10B 8 12
541.108,74.9727,2.1569,11.4125,3.1968,1.5309,1.352,0.7628,10B 8 12
541.2604,75.2904,2.2299,11.0868,3.1357,1.5313,1.3546,0.7185,10B 8 12
541.4128,75.8278,2.2086,11.3837,3.1021,1.5323,1.3606,0.8006,2.5R 8 6
541.5652,73.7203,2.1527,11.0357,2.9388,1.5305,1.3671,0.8119,10B 8 12
541.7176,66.3463,2.0337,9.3675,2.7766,1.5269,1.3712,0.7366,10B 8 12
541.87,64.4574,2.0242,8.8176,2.6464,1.5239,1.3716,0.8175,10B 8 12
542.0224,64.6563,2.036,8.8125,2.5423,1.5214,1.3684,0.8326,10B 8 12
542.1748,68.1111,2.1018,9.5347,2.2223,1.5187,1.3625,0.8397,10B 8 12
542.3272,69.5136,2.1336,9.7985,2.113,1.5148,1.3551,0.749,10B 8 12
542.4796,70.5768,2.2101,9.6913,1.9763,1.5085,1.3475,0.7037,10B 8 12
542.632,71.9345,2.3028,9.5841,1.7183,1.5005,1.3403,0.8362,10B 8 12
542.7844,70.2491,2.2494,9.3564,1.6569,1.4966,1.3336,0.8807,10B 8 12
542.9368,69.3761,2.1817,9.4726,2.1012,1.4962,1.3275,0.7321,10B 8 12
543.0892,71.5196,2.2018,10.0424,2.4783,1.4959,1.3229,0.8115,10R 2 16
543.2416,74.7993,2.2347,10.9013,2.3877,1.4959,1.3204,0.9215,10B 8 12
543.394,73.2357,2.1124,11.1157,2.3965,1.4961,1.3203,0.909,10B 8 12
543.5464,69.9816,1.9599,10.9655,2.5882,1.4965,1.3225,0.8175,10B 8 12
543.6988,68.9798,1.9765,10.5468,2.9441,1.4987,1.3261,0.7424,10B 8 12
543.8512,68.7987,2.037,10.135,3.0606,1.5021,1.331,0.8326,10B 8 12
544.0036,68.91,2.0373,10.1688,2.9964,1.5037,1.3369,0.8343,2.5R 8 6
544.156,70.7662,1.9738,11.1356,2.6078,1.5036,1.343,0.9479,10B 8 12
544.3084,70.6377,1.8827,11.6278,2.6697,1.5033,1.3469,0.8926,10B 8 12
544.4608,67.8942,1.7034,11.7979,2.8252,1.5017,1.3462,0.843,10B 8 12
544.6132,69.3513,1.7131,12.208,2.4977,1.4987,1.3397,0.848,10B 8 12
544.7656,73.4742,1.8665,12.6322,2.1864,1.4964,1.3288,0.8798,10B 8 12
544.918,72.4343,1.893,12.1434,2.6181,1.4943,1.3168,0.8963,2.5R 6 22
545.0704,72.1777,1.9147,11.9341,2.7394,1.4935,1.3074,0.9013,10B 8 12
545.2228,69.3892,1.8159,11.6183,2.784,1.4935,1.3024,0.8906,10B 8 12
545.3752,68.3611,1.7404,11.7309,2.6115,1.4934,1.3007,0.9289,2.5G 1 8
545.5276,66.1574,1.702,11.249,2.6519,1.4938,1.3011,0.8667,10B 8 12
545.68,62.5526,1.6917,10.1534,2.8018,1.4959,1.3037,0.7111,10B 8 12
545.8324,60.4413,1.7739,8.9952,3.0155,1.4999,1.3094,0.6427,10B 8 12
545.9848,60.3057,1.8821,8.3183,2.9709,1.5027,1.3187,0.7486,10B 8 12
546.1372,62.2036,2.0062,8.2001,2.9203,1.5039,1.3299,0.8136,10B 8 12
546.2896,63.7998,2.0607,8.3929,2.7611,1.5057,1.3393,0.7679,10B 8 12
546.442,63.8079,2.0287,8.5827,2.625,1.5083,1.3437,0.7978,10B 8 12
546.5944,64.6488,2.0352,8.8147,2.4523,1.5115,1.3427,0.7465,10B 8 12
546.7468,66.4045,2.1084,8.9491,2.4998,1.5151,1.3387,0.7184,10B 8 12
546.8992,70.7792,2.2775,9.362,2.1775,1.5202,1.3351,0.9192,10B 8 12
547.0516,74.7965,2.4069,9.8924,1.8773,1.5283,1.3343,0.8909,10B 8 12
547.204,72.4739,2.3425,9.5247,2.0981,1.537,1.3377,0.8428,10B 8 12
547.3564,70.6374,2.2347,9.567,2.1585,1.5435,1.3457,0.8504,10B 8 12
547.5088,71.5308,2.1558,10.315,2.1421,1.5457,1.3575,0.8212,10B 8 12
547.6612,73.476,2.087,11.342,2.0243,1.5462,1.3709,0.7843,10B 8 12
547.8136,72.7779,1.9773,11.7603,1.8085,1.5468,1.3821,0.7887,10B 8 12
547.966,70.8815,1.9131,11.5281,1.8466,1.5466,1.3866,0.8032,10B 8 12
548.1184,66.7177,1.8321,10.6669,2.1899,1.5455,1.3812,0.6359,5YR 5 14
548.2708,68.4062,1.8616,11.036,2.403,1.5441,1.3669,0.6391,10B 8 12
548.4232,71.1338,1.8415,12.0282,2.5427,1.5419,1.3492,0.6874,10B 8 12
548.5756,72.4653,1.8346,12.4952,2.9406,1.5378,1.3354,0.8496,10B 8 12
548.728,70.5531,1.8152,11.9957,3.727,1.5312,1.3308,0.7333,10B 8 12
548.8804,71.7488,1.8422,12.221,3.6235,1.5245,1.3367,0.7411,10B 8 12
549.0328,71.8127,1.8001,12.488,3.1741,1.5216,1.35,0.8793,10B 8 12
549.1852,66.287,1.6799,11.4199,3.1185,1.5234,1.3649,0.8978,10B 8 12
549.3376,67.2528,1.6966,11.6317,3.1678,1.5251,1.3762,0.7139,10B 8 12
549.49,69.2336,1.7458,11.9789,2.9297,1.525,1.381,0.6699,10B 8 12
549.6424,67.2721,1.6662,11.816,3.0719,1.5259,1.3798,0.8634,10B 8 12
549.7948,69.7728,1.6323,12.8166,2.6027,1.5278,1.375,0.8502,10B 8 12
549.9472,70.1824,1.6802,12.6674,2.2298,1.5296,1.3695,0.7412,10B 8 12
550.0996,72.7988,1.8741,12.3711,2.2246,1.5296,1.3652,0.8491,10B 8 12
550.252,72.5227,1.8988,12.1377,2.3298,1.5277,1.3622,0.8685,10B 8 12
550.4044,70.5659,1.8554,11.7645,2.3334,1.525,1.3595,0.746,10B 8 12
550.5568,71.1714,1.8979,11.7097,2.1773,1.5216,1.3566,0.8697,10B 8 12
550.7092,69.3404,1.8803,11.2257,2.334,1.519,1.3537,0.7284,10R 2 16
550.8616,69.0487,1.9235,10.8792,2.4467,1.5175,1.3515,0.7506,10B 8 12
551.014,66.1976,1.9582,9.762,2.5818,1.5158,1.3513,0.7612,5YR 5 14
551.1664,61.7837,1.9959,8.1259,2.7746,1.5172,1.3537,0.7679,10PB 0.2 18
551.3188,61.876,2,8.1313,2.5751,1.5177,1.3578,0.869,2.5BG 5 16
551.4712,61.0716,2.0055,7.8414,2.6832,1.5182,1.3621,0.7659,10B 8 12
551.6236,64.5188,2.0197,8.8633,2.5967,1.5195,1.365,0.8466,2.5G 1 8
551.776,69.7399,2.1425,9.8187,2.6812,1.5211,1.3659,0.7181,10B 8 12
551.9284,69.9217,2.1639,9.7521,2.5885,1.5231,1.3649,0.8094,10B 8 12
552.0808,70.4275,2.1503,9.9939,2.2893,1.5247,1.363,0.7485,10B 8 12
552.2332,68.2578,2.0517,9.8751,2.1187,1.526,1.3604,0.8506,10B 8 12
552.3856,68.218,2.0724,9.7412,2.3718,1.5273,1.3573,0.7528,10B 8 12
552.538,67.8719,2.0139,9.9725,2.4138,1.5273,1.3544,0.8023,10B 8 12
552.6904,68.402,1.9493,10.5209,1.8123,1.5254,1.3523,0.7261,10B 8 12
552.8428,68.2495,1.8505,11.0502,1.4538,1.5207,1.3507,0.8967,10B 8 12
552.9952,66.2517,1.8005,10.7024,1.3456,1.5136,1.3492,0.6989,10B 8 12
553.1476,65.828,1.8033,10.5502,1.4637,1.5042,1.3468,0.8083,10B 8 12
553.3,64.8548,1.8774,9.8046,1.9626,1.4987,1.3426,0.7511,10B 8 12
553.4524,62.8262,1.8487,9.3223,2.1198,1.4983,1.3365,0.7665,10B 8 12
553.6048,65.277,1.8778,9.9377,2.3367,1.4986,1.33,0.6986,10B 8 12
553.7572,64.1075,1.7202,10.485,2.1211,1.4976,1.3257,0.8353,10B 8 12
553.9096,65.4534,1.7387,10.8086,2.378,1.497,1.3261,0.8655,10B 8 12
554.062,66.7448,1.7884,10.9313,2.2045,1.4963,1.3305,0.7295,10B 8 12
554.2144,72.4484,1.9044,12.0815,1.8078,1.4955,1.3342,0.7113,10B 8 12
554.3668,69.8441,1.866,11.4712,2.2395,1.4944,1.3309,0.6368,10B 8 12
554.5192,66.8112,1.7771,11.0191,2.6188,1.4926,1.3177,0.7685,10B 8 12
554.6716,65.6535,1.8002,10.5128,2.5593,1.4904,1.2979,0.7944,10B 8 12
554.824,62.4649,1.7441,9.8183,2.6346,1.488,1.2785,0.766,5PB 1 14
554.9764,65.6786,1.8466,10.2491,2.2549,1.4849,1.2658,0.7439,10B 8 12
555.1288,66.3122,1.8277,10.5626,2.0578,1.4786,1.2617,0.7226,10GY 6 18
555.2812,67.1125,1.8854,10.4817,1.9844,1.4699,1.2641,0.717,10B 8 12
555.4336,63.5207,1.8479,9.5492,1.8698,1.4582,1.2693,0.7251,10B 8 12
555.586,62.4822,1.7331,9.8884,1.581,1.448,1.2741,0.7301,10B 8 12
555.7384,57.8336,1.579,9.2998,1.5259,1.4378,1.276,0.7309,10B 8 12
555.8908,55.9964,1.5458,8.9054,1.6207,1.4294,1.274,0.7293,10B 8 12
556.0432,59.2872,1.5009,10.2232,1.3715,1.4219,1.2679,0.7308,10B 8 12
556.1956,61.7918,1.5555,10.707,1.2404,1.4152,1.2588,0.7213,10B 8 12
556.348,59.3214,1.465,10.4444,1.3645,1.4089,1.2484,0.7158,10B 8 12
556.5004,55.5959,1.3853,9.7166,1.4855,1.402,1.2386,0.734,10B 8 12
556.6528,55.0946,1.3322,9.867,1.6075,1.3966,1.231,0.7116,5P 3 6
556.8052,57.0563,1.4108,10.0359,1.4296,1.3925,1.2272,0.6941,5G 7 34
556.9576,60.6441,1.4378,11.0278,1.0977,1.3901,1.2282,0.7193,10B 8 12
557.11,58.1646,1.4161,10.3599,1.0041,1.3899,1.2337,0.6982,10B 8 12
557.2624,58.6781,1.482,10.1386,1.4368,1.3898,1.242,0.6999,10B 8 12
557.4148,59.6491,1.5184,10.2373,1.3893,1.3892,1.2502,0.6947,10B 8 12
557.5672,61.6217,1.5948,10.4223,1.7359,1.3878,1.2553,0.6989,10B 8 12
561.8344,45.8969,1.3878,6.5918,2.5828,1.2403,1.1388,0.6461,5P 3 6
561.9868,47.3497,1.4523,6.6802,2.4069,1.2365,1.1339,0.5976,5P 3 6
562.1392,46.437,1.4544,6.3752,2.4159,1.232,1.127,0.6934,5P 3 6
562.2916,47.7526,1.4825,6.6328,2.2771,1.2272,1.1188,0.5957,5P 3 6
562.444,45.6674,1.4369,6.2311,2.6251,1.2221,1.1103,0.5775,10B 8 12
562.5964,43.8643,1.3443,6.195,2.276,1.217,1.1024,0.633,5P 3 6
571.4356,36.506,0.9866,5.9297,2.3411,1.2455,1.1391,0.6231,10PB 0.2 18
571.588,35.0125,0.9545,5.6386,2.3365,1.2544,1.1526,0.6632,10PB 0.2 18
571.7404,37.2836,0.9734,6.2563,2.3506,1.2626,1.1635,0.7114,10PB 0.2 18
571.8928,37.8856,0.9558,6.5522,2.6255,1.2709,1.1709,0.5596,10PB 0.2 18
572.0452,39.9816,1.0068,6.9256,2.6534,1.2822,1.1752,0.6107,10PB 0.2 18
572.1976,42.7746,1.0501,7.5677,2.6209,1.2941,1.1782,0.6172,10PB 0.2 18
572.35,43.4335,1.0872,7.5619,2.6986,1.3033,1.1817,0.7423,10PB 0.2 18
572.5024,44.4821,1.1575,7.4867,3.2197,1.3113,1.1866,0.5918,10PB 0.2 18
572.8072,48.4799,1.3044,7.9086,3.3216,1.3283,1.2013,0.6518,10PB 0.2 18
572.9596,47.8665,1.292,7.7842,3.2376,1.3357,1.2102,0.6073,10Y 2 2
573.112,46.6054,1.2545,7.5996,3.491,1.3422,1.2192,0.6439,10PB 0.2 18
573.2644,46.9042,1.3075,7.3849,2.8906,1.3474,1.2268,0.6632,10PB 0.2 18
573.4168,49.7406,1.4369,7.5371,2.7452,1.3511,1.2305,0.6027,5P 3 6
573.5692,50.7847,1.5086,7.4519,2.8883,1.3538,1.2283,0.7705,5P 3 6
581.1892,44.9224,1.1461,7.6945,2.0746,1.257,1.1552,0.5445,5P 3 6
581.3416,40.2462,1.0628,6.6829,2.3733,1.2546,1.1493,0.5961,10PB 0.2 18
581.494,39.1374,1.0452,6.4304,2.5741,1.2529,1.1423,0.5637,5PB 5 18
581.6464,40.8944,1.1364,6.4595,2.5428,1.252,1.1369,0.6613,10PB 0.2 18
581.7988,41.0153,1.1754,6.2701,2.5785,1.2524,1.1351,0.6332,10GY 6 18
581.9512,39.7418,1.1288,6.1345,2.6746,1.2538,1.1376,0.5765,10PB 0.2 18
582.1036,39.8391,1.0349,6.7159,2.713,1.2562,1.144,0.668,10PB 0.2 18
582.7132,43.9571,1.038,8.0178,2.6933,1.272,1.1773,0.656,10PB 0.2 18
582.8656,44.4432,1.0532,8.0848,2.4402,1.278,1.1783,0.6338,10PB 0.2 18
583.018,45.6422,1.1069,8.1549,2.447,1.2823,1.1758,0.6324,10GY 4 4
583.1704,45.9437,1.1288,8.1232,2.473,1.2857,1.1717,0.6735,10PB 0.2 18
583.3228,47.1578,1.145,8.4176,2.5159,1.2897,1.1683,0.6513,10PB 0.2 18
583.4752,46.5131,1.1064,8.437,2.4868,1.2927,1.1663,0.6505,10PB 0.2 18
583.6276,46.2149,1.0573,8.6287,2.3166,1.295,1.165,0.7002,10PB 0.2 18
583.78,45.0812,1.0768,8.1515,2.3656,1.2976,1.1637,0.668,10PB 0.2 18
590.7904,50.8516,1.1536,9.5521,2.5748,1.4264,1.2981,0.7517,5P 3 6
590.9428,51.0707,1.1334,9.7405,2.3158,1.4335,1.308,0.769,7.5P 0.8 16
591.0952,51.6837,1.0728,10.292,2.1166,1.4381,1.3112,0.7325,10PB 0.2 18
600.3916,46.2428,1.2624,7.4372,2.9414,1.3579,1.2352,0.6447,10P 5 14
600.544,45.6907,1.1975,7.6398,2.767,1.3549,1.2251,0.5976,10PB 0.2 18
600.6964,45.1376,1.1779,7.5776,2.3595,1.353,1.2185,0.8188,10Y 2 2
600.8488,47.0789,1.1552,8.3326,2.1504,1.3511,1.2171,0.7926,5P 3 6
601.0012,51.3811,1.2431,9.1975,1.8306,1.3486,1.2203,0.623,5P 3 6
601.1536,50.835,1.3223,8.559,1.9268,1.3459,1.2257,0.8382,5P 3 6
601.306,48.3499,1.2962,7.9146,2.218,1.3475,1.2312,0.6609,5P 3 6
601.4584,47.2721,1.2326,7.9417,2.2528,1.3513,1.2354,0.8595,7.5G 1 2
609.9928,61.3882,1.348,11.7926,2.0495,1.4355,1.2883,0.7135,10B 8 12
610.1452,62.8437,1.4096,11.8981,1.715,1.4377,1.2918,0.7721,10B 8 12
610.2976,62.6202,1.5121,11.2264,1.7167,1.4401,1.2977,0.749,10B 8 12
610.45,57.0477,1.4729,9.6694,2.3204,1.4415,1.3042,0.7609,2.5G 1 8
610.6024,52.5873,1.4515,8.3646,2.5695,1.4424,1.3086,0.8516,5P 3 6
610.7548,52.2478,1.4349,8.3528,2.6098,1.4422,1.3094,0.8279,5P 3 6
610.9072,52.9879,1.4464,8.5226,2.8728,1.4416,1.307,0.7384,5P 3 6
611.0596,54.0307,1.4585,8.7864,3.1349,1.4416,1.3037,0.6482,10PB 0.2 18
611.212,54.2564,1.4354,8.9937,3.2042,1.4426,1.3018,0.7613,10PB 0.2 18
611.3644,53.6543,1.4016,8.9985,3.2535,1.4446,1.303,0.8898,10PB 0.2 18
611.5168,52.5865,1.3434,8.9969,3.1467,1.4465,1.3071,0.8792,10PB 0.2 18
611.6692,50.0876,1.2597,8.6856,3.0235,1.4469,1.3127,0.8421,5P 3 6
611.8216,47.5059,1.1554,8.4688,2.9081,1.4452,1.3172,0.7497,10PB 0.2 18
611.974,46.5432,1.0563,8.7403,2.7813,1.4419,1.3186,0.738,10PB 0.2 18
612.1264,47.3311,1.0584,8.9804,2.4881,1.4352,1.3162,0.8386,10PB 0.2 18
612.2788,47.0811,1.0668,8.8511,2.1209,1.4244,1.3104,0.8763,10PB 0.2 18
612.4312,45.2517,1.0673,8.2616,1.8725,1.4122,1.3019,0.7384,5P 3 6
612.5836,44.8058,1.0797,8.0461,1.7252,1.4029,1.2908,0.7074,5P 3 6
612.736,46.0552,1.1498,8.0363,1.6811,1.3986,1.277,0.867,2.5R 6 22
613.0408,45.6596,1.1877,7.6875,1.7906,1.4024,1.2511,0.8194,10GY 4 4
613.1932,44.0134,1.191,7.1404,1.6002,1.4079,1.2491,0.8442,10B 8 12
613.3456,42.9085,1.2137,6.6533,1.6061,1.4156,1.2611,0.8148,10B 8 12
613.498,42.7959,1.2668,6.3062,1.6402,1.425,1.2879,0.7688,10B 8 12
613.6504,43.7729,1.3369,6.2087,1.7533,1.4361,1.3257,0.7546,10B 8 12
613.8028,43.3843,1.3467,6.0266,1.996,1.4514,1.367,0.7923,10PB 0.2 18
613.9552,42.7215,1.3411,5.8469,2.34,1.4731,1.4037,0.8447,10PB 0.2 18
614.1076,44.2226,1.3279,6.406,2.3224,1.5019,1.4306,0.8396,5P 3 6
614.26,45.6583,1.3059,6.9952,2.2466,1.5404,1.4464,0.8163,5P 3 6
614.4124,44.9584,1.2708,6.976,2.2901,1.5892,1.4517,0.8066,5P 3 6
614.5648,46.2359,1.3264,7.0603,2.3415,1.6401,1.447,0.7746,2.5G 7 2
614.7172,49.0509,1.3989,7.5384,2.3832,1.6861,1.4312,0.7563,5P 3 6
614.8696,49.7444,1.3828,7.8548,2.4758,1.7223,1.4013,0.7542,5P 3 6
619.594,53.0325,1.6283,7.472,2.9949,1.7661,1.4214,0.7119,5P 3 6
619.7464,50.4736,1.5213,7.2779,3.2039,1.7707,1.4236,0.8109,5P 3 6
619.8988,48.8829,1.4574,7.1418,3.23,1.7257,1.431,0.976,5P 3 6
620.0512,50.7324,1.4963,7.5072,3.068,1.6461,1.4342,0.9318,5P 3 6
620.2036,53.7598,1.5737,8.0251,2.9704,1.542,1.4019,0.8704,5P 3 6
620.356,52.9874,1.5469,7.9338,3.0917,1.449,1.3021,0.771,5P 3 6
620.5084,51.7166,1.5064,7.7639,3.0148,1.4006,1.1535,0.649,2.5R 8 6
620.6608,45.3034,1.3032,6.8972,2.9551,1.3856,1.0199,0.5826,10PB 0.2 18
620.8132,38.3152,1.1132,5.7689,2.6328,1.3816,0.9526,0.5801,10PB 0.2 18
620.9656,32.5736,0.9129,5.1004,2.285,1.386,0.9722,0.5013,10PB 0.2 18
621.118,31.8575,0.8424,5.2834,2.1727,1.4094,1.0815,0.5674,10PB 0.2 18
621.2704,37.389,0.9753,6.279,2.0468,1.4378,1.2554,0.6255,10PB 0.2 18
621.4228,43.1216,1.1906,6.8569,2.2175,1.4065,1.4182,0.7117,5P 3 6
621.5752,47.7603,1.3874,7.1917,2.3648,1.3794,1.4779,0.9186,5P 3 6
621.7276,50.1714,1.4997,7.3077,2.5053,1.447,1.4237,0.9715,5P 3 6
621.88,49.9588,1.4988,7.2446,2.7528,1.5253,1.3295,1.0585,5P 3 6
622.0324,51.0733,1.4948,7.6254,2.9689,1.5884,1.2609,1.1747,2.5P 8 2
622.1848,51.0204,1.3917,8.212,2.8021,1.5873,1.2395,1.2957,10PB 0.2 18
622.3372,51.4122,1.3958,8.3135,2.3933,1.5625,1.2585,1.331,5P 3 6
622.4896,48.019,1.308,7.7394,2.2301,1.5348,1.2997,1.2838,5P 3 6
622.642,48.4175,1.3364,7.701,2.0903,1.5143,1.343,1.2091,5P 3 6
622.7944,47.3245,1.3028,7.5476,1.9354,1.5037,1.3708,1.1838,5PB 1 14
622.9468,46.8938,1.2666,7.6212,2.1538,1.4974,1.3753,1.1845,5P 3 6
623.0992,49.8502,1.2759,8.515,1.9386,1.4942,1.3642,1.1844,5P 3 6
623.2516,52.7553,1.2792,9.4268,1.8254,1.4924,1.3517,1.1849,5PB 1 14
623.404,54.0469,1.275,9.8655,1.4578,1.4901,1.3479,1.1889,7.5YR 9 20
623.5564,54.3257,1.2505,10.0987,1.2448,1.4867,1.3556,1.1863,5P 3 6
623.7088,56.9088,1.2919,10.6842,0.8124,1.483,1.3708,1.1965,2.5R 6 22
623.8612,58.2744,1.444,10.2319,0.8983,1.4804,1.3821,1.2029,10B 8 12
624.0136,60.2659,1.5111,10.4775,1.1393,1.4764,1.3777,1.2065,10B 8 12
624.166,63.1611,1.5563,11.141,1.2006,1.4699,1.3548,1.2093,10B 8 12
624.3184,62.2889,1.5191,11.0792,1.1896,1.4636,1.3245,1.2024,10B 8 12
624.4708,58.8956,1.4846,10.1932,1.3478,1.4582,1.3048,1.2099,10B 8 12
624.6232,57.9022,1.4219,10.2421,1.2955,1.456,1.3093,1.2198,10B 8 12
624.7756,55.7762,1.378,9.8171,1.5128,1.4646,1.3391,1.1974,5P 3 6
624.928,55.6348,1.3817,9.75,1.7922,1.4816,1.38,1.1754,5P 3 6
625.0804,52.2095,1.3053,9.0993,1.9281,1.4967,1.4108,1.1685,5P 3 6
625.2328,52.7033,1.3386,9.0627,2.0113,1.5071,1.4172,1.1599,5P 3 6
625.3852,47.7315,1.2813,7.8037,2.3259,1.5222,1.4011,1.1588,5PB 5 18
625.5376,51.7378,1.2623,9.1998,2.3618,1.5372,1.3736,1.2203,5P 3 6
625.69,53.9709,1.3138,9.6143,2.1876,1.5533,1.3465,1.2497,5P 3 6
625.8424,57.7706,1.478,9.8713,2.0528,1.557,1.3278,1.2511,2.5BG 3 24
625.9948,57.3632,1.4982,9.6221,2.1076,1.5495,1.3228,1.2645,10B 8 12
626.1472,57.7608,1.4471,10.0491,2.2214,1.5456,1.3335,1.2585,10B 8 12
626.2996,54.6434,1.499,8.7458,2.4584,1.5438,1.3569,1.2311,5P 7 20
626.452,55.1938,1.466,9.1153,2.5437,1.5404,1.3826,1.2114,5P 3 6
629.1952,61.4822,1.3212,11.9793,0.9667,1.6678,1.3399,1.1681,10B 8 12
629.3476,61.8579,1.4009,11.6333,0.9841,1.5327,1.2713,1.2082,10R 2 16
629.5,59.769,1.4043,10.9432,0.7751,1.3612,1.1267,1.1494,10B 8 12
629.6524,49.1011,1.1534,8.992,0.7473,1.2594,0.9479,0.9543,5P 3 6
629.8048,37.1544,0.8719,6.8091,0.6577,1.2235,0.795,0.7162,10GY 4 4
629.9572,30.1666,0.7005,5.572,0.4503,1.2036,0.6944,0.6109,5PB 5 18
630.1096,32.7248,0.8065,5.7713,0.2698,1.1611,0.6496,0.5852,5P 3 6
630.262,31.3807,0.815,5.2908,0.9632,1.126,0.6571,0.6129,10B 8 12
630.4144,34.243,0.9383,5.487,1.1859,1.1412,0.7175,0.6859,10B 8 12
630.5668,35.4723,0.9263,5.9514,1.4047,1.1729,0.8387,0.7935,10B 8 12
630.7192,35.746,0.9362,5.9809,1.8192,1.2112,1.0288,0.9229,10B 8 12
630.8716,40.1692,1.041,6.7859,2.0559,1.2763,1.2716,1.0344,5P 3 6
631.024,43.9013,1.1209,7.515,2.1191,1.3836,1.4845,1.1332,10RP 5 22
631.1764,46.4181,1.2014,7.8504,2.0965,1.514,1.5575,1.2246,10RP 5 22
631.3288,47.9435,1.197,8.3653,1.9603,1.62,1.4949,1.2501,5P 3 6
631.4812,55.0261,1.4024,9.4335,1.9432,1.6855,1.3982,1.2459,5P 3 6
631.6336,60.1807,1.6027,9.9139,2.2886,1.7107,1.3352,1.2433,10B 8 12
631.786,60.9116,1.6402,9.9288,2.5482,1.6866,1.3191,1.2419,10B 8 12
631.9384,61.7876,1.5994,10.4483,2.3769,1.6399,1.3379,1.2431,10B 8 12
632.0908,61.219,1.4866,10.9266,1.9496,1.5959,1.3699,1.2396,10B 8 12
632.2432,58.6654,1.4746,10.1781,1.673,1.5641,1.3938,1.2218,10B 8 12
632.3956,56.0939,1.5037,9.1829,1.6849,1.5379,1.3982,1.1981,10B 8 12
632.548,53.6271,1.4826,8.5157,1.3352,1.5129,1.3837,1.1768,10B 8 12
632.7004,53.1256,1.4912,8.3043,1.2923,1.4928,1.358,1.1591,10B 8 12
632.8528,52.6818,1.3995,8.6988,1.276,1.4784,1.3311,1.1572,10B 8 12
633.0052,53.029,1.3957,8.8326,1.5046,1.4714,1.3106,1.1637,10G 4 18
633.1576,53.5383,1.3554,9.2316,1.8777,1.4698,1.2993,1.1641,5P 3 6
633.6148,61.409,1.4808,11.0215,1.5997,1.4745,1.3139,1.1436,10B 8 12
633.7672,59.266,1.5117,10.1535,1.7541,1.4773,1.3275,1.1505,10B 8 12
633.9196,57.8725,1.4529,10.0511,1.7959,1.484,1.3419,1.1696,10B 8 12
634.072,57.7216,1.4095,10.2565,1.8102,1.4906,1.3565,1.19,2.5R 6 22
634.2244,56.6722,1.3672,10.1678,2.0942,1.4972,1.3717,1.1955,5YR 5 14
634.3768,59.6179,1.4613,10.5611,2.2953,1.5045,1.386,1.2057,10B 8 12
634.5292,60.6377,1.5391,10.4328,2.5226,1.5104,1.3951,1.2241,10B 8 12
634.6816,66.2323,1.6886,11.3513,2.5976,1.5132,1.3933,1.2275,10B 8 12
634.834,65.0939,1.6967,10.9391,2.4653,1.5132,1.3799,1.2218,10B 8 12
634.9864,63.4487,1.6707,10.5636,2.5059,1.5115,1.361,1.2359,10B 8 12
635.1388,60.7799,1.6106,10.06,2.6168,1.5109,1.3439,1.2197,10RP 5 22
635.2912,64.0066,1.6211,11.0332,2.6636,1.5103,1.332,1.1947,10B 8 12
635.4436,63.5123,1.5876,11.0709,2.7456,1.5045,1.3248,1.1964,10B 8 12
635.596,64.78,1.6177,11.3008,2.6314,1.4965,1.3205,1.1755,10B 8 12
635.7484,62.6223,1.5428,11.0479,2.3762,1.4809,1.3183,1.1484,10B 8 12
635.9008,64.1045,1.5495,11.4837,2.0992,1.4619,1.3182,1.1799,10B 8 12
636.0532,62.0934,1.4816,11.2361,1.8339,1.4437,1.3193,1.1992,10B 8 12
636.2056,61.4371,1.4507,11.2067,1.7958,1.4287,1.3185,1.1806,10PB 1 42
636.358,60.0014,1.4746,10.6065,1.6693,1.4231,1.3131,1.169,10B 8 12
636.5104,57.2245,1.4382,9.9292,1.8668,1.4148,1.3036,1.1556,10B 8 12
636.6628,53.1757,1.3183,9.333,1.839,1.4088,1.2945,1.1522,10G 4 18
636.8152,48.8343,1.2363,8.4208,1.9278,1.3973,1.291,1.1628,2.5BG 3 24
636.9676,46.9234,1.2734,7.5909,2.1483,1.388,1.293,1.1814,5P 3 6
637.12,48.2746,1.3351,7.6628,2.2371,1.3792,1.2938,1.1345,5P 3 6
637.2724,47.7549,1.4032,7.0977,2.3899,1.3661,1.2846,1.1,5P 3 6
637.4248,48.4876,1.4292,7.1804,2.5508,1.3522,1.2624,1.115,5P 3 6
637.5772,49.7527,1.4558,7.4299,2.5199,1.3425,1.2334,1.104,5P 3 6
637.7296,49.5746,1.4276,7.5385,2.7245,1.3334,1.208,1.0867,5P 3 6
637.882,49.6088,1.4119,7.641,2.7495,1.3214,1.1932,1.0793,5P 3 6
638.0344,46.3145,1.2848,7.3289,2.7511,1.3126,1.1899,1.0716,10PB 0.2 18
638.1868,45.6674,1.2858,7.1154,2.603,1.31,1.1948,1.072,10PB 0.2 18
638.7964,49.7531,1.3693,7.9371,2.7319,1.3245,1.2358,1.121,5P 3 6
638.9488,51.7116,1.3042,8.9459,2.5638,1.3328,1.2489,1.1265,5YR 5 14
639.1012,52.3311,1.2827,9.2706,2.3669,1.3421,1.2593,1.1076,5P 3 6
639.2536,48.8094,1.2061,8.5895,2.3706,1.3509,1.2614,1.0953,10PB 0.2 18
639.406,47.5766,1.1841,8.323,2.1692,1.3583,1.2532,1.0974,5P 3 6
639.5584,49.745,1.3133,8.2622,2.0167,1.3665,1.2385,1.0993,2.5R 6 22
639.7108,50.6381,1.3428,8.3757,1.858,1.3739,1.2251,1.1116,5P 3 6
639.8632,50.8209,1.2935,8.7232,1.8076,1.3807,1.2187,1.1255,5P 3 6
640.0156,49.5891,1.2733,8.4462,1.5534,1.3867,1.2201,1.1253,5P 3 6
640.168,51.1256,1.3403,8.5465,1.361,1.3906,1.2268,1.113,10B 8 12
640.3204,53.2608,1.3804,8.9968,1.1671,1.3954,1.2354,1.111,10B 8 12
640.4728,55.0582,1.471,9.0425,1.3967,1.4002,1.2436,1.1221,10B 8 12
640.6252,55.3605,1.567,8.5771,1.472,1.4082,1.2501,1.1329,10B 8 12
640.7776,52.8423,1.583,7.6764,1.6944,1.4184,1.2553,1.1329,5PB 1 14
640.93,51.2951,1.5869,7.1572,1.7643,1.4276,1.2608,1.1331,10B 8 12
641.0824,53.6574,1.6643,7.4616,1.8592,1.4349,1.2678,1.1285,5BG 0.4 2
641.2348,57.3331,1.7333,8.236,2.0161,1.4399,1.2768,0.9809,10B 8 12
641.3872,57.78,1.7141,8.4919,2.1819,1.4431,1.2867,0.7632,10GY 4 4
641.5396,55.5553,1.6629,8.0782,2.3221,1.444,1.2955,0.8068,5P 3 6
641.692,53.322,1.5794,7.8511,2.4053,1.4416,1.3009,0.8213,5P 3 6
641.8444,52.2419,1.4927,8.0123,2.4667,1.4369,1.3012,0.7352,5P 3 6
641.9968,50.2577,1.4198,7.8027,2.5179,1.4315,1.2957,0.7611,5P 3 6
642.1492,47.5563,1.3436,7.383,2.4329,1.4248,1.2856,0.7885,5P 3 6
642.3016,44.1764,1.2596,6.791,2.4772,1.4162,1.2733,0.7651,2.5R 8 6
642.454,41.5834,1.1437,6.6382,2.4557,1.4056,1.2615,0.7064,10PB 0.2 18
642.6064,40.8055,1.0842,6.7369,2.4864,1.3939,1.2518,0.6835,10PB 0.2 18
642.7588,40.4604,1.0357,6.9099,2.665,1.3813,1.2447,0.7488,10PB 0.2 18
642.9112,40.0384,1.0256,6.8341,2.91,1.3673,1.2398,0.7374,10PB 0.2 18
643.0636,39.2215,1.0616,6.3612,2.9025,1.3512,1.2366,0.6907,10PB 0.2 18
643.216,38.8215,1.0597,6.2444,2.8337,1.3349,1.2336,0.7191,2.5BG 3 24
643.3684,37.596,1.0306,6.0214,2.8904,1.3229,1.2293,0.7229,10PB 0.2 18
643.5208,39.0792,1.0707,6.2621,2.7858,1.316,1.223,0.7131,5P 3 6
643.6732,43.2654,1.127,7.2752,2.5192,1.3119,1.2168,0.7134,10PB 0.2 18
643.8256,46.2206,1.0997,8.3822,2.4378,1.3099,1.2148,0.7218,10PB 0.2 18
643.978,48.2697,1.0325,9.4333,2.306,1.309,1.219,0.7615,10PB 0.2 18
644.1304,48.8339,0.9819,9.9098,2.2011,1.3092,1.2269,0.7441,10R 2 16
644.2828,49.0973,0.9787,10.0133,2.2668,1.3103,1.2336,0.7218,10PB 0.2 18
644.4352,49.5047,0.9877,10.0914,2.4137,1.3109,1.2342,0.7386,2.5YR 8 10
644.5876,49.3133,0.9455,10.2767,2.5495,1.311,1.2262,0.7299,10R 1 12
644.74,50.0267,0.9293,10.6007,2.2668,1.3105,1.2107,0.6922,10PB 0.2 18
644.8924,51.747,0.9631,10.9545,1.9936,1.3099,1.1928,0.6762,10PB 0.2 18
645.0448,54.1229,0.9827,11.6015,1.9165,1.3104,1.179,0.705,10PB 0.2 18
645.1972,52.897,0.9586,11.3492,2.1426,1.3101,1.1743,0.7565,5P 3 6
645.3496,47.5544,0.8996,9.9818,2.5075,1.3085,1.1805,0.7445,10PB 0.2 18
645.502,45.3733,0.9101,9.2207,2.7276,1.3075,1.1932,0.7207,10PB 0.2 18
645.6544,46.5569,1.002,9.0625,2.6749,1.3064,1.2048,0.7349,10PB 0.2 18
645.8068,48.0522,1.0889,9.033,2.3839,1.3026,1.2099,0.7468,10PB 0.2 18
645.9592,47.4439,1.0962,8.7954,2.2364,1.2991,1.2076,0.7329,10PB 0.2 18
646.1116,48.8789,1.1491,8.9457,2.0305,1.2973,1.2003,0.741,5P 3 6
646.264,52.7219,1.2754,9.4388,1.8503,1.295,1.1914,0.7312,5P 3 6
646.4164,51.6057,1.3097,8.88,2.136,1.2925,1.1838,0.7162,7.5YR 9 20
646.5688,50.275,1.3193,8.3971,2.4328,1.2917,1.1788,0.7114,5P 3 6
646.7212,50.9572,1.3875,8.2162,2.3055,1.2919,1.1764,0.6966,5P 3 6
646.8736,52.0403,1.429,8.3208,2.1284,1.2931,1.1766,0.7062,2.5P 0.4 22
647.026,53.3887,1.4179,8.818,1.8623,1.2954,1.1789,0.688,10B 8 12
647.1784,52.349,1.3559,8.8476,1.7483,1.2975,1.1822,0.7159,5PB 1 14
647.3308,50.645,1.3282,8.4635,2.0651,1.2996,1.1857,0.7304,7.5G 1 2
647.4832,50.2738,1.3048,8.4813,2.285,1.3012,1.1891,0.7179,5P 3 6
647.6356,52.6172,1.2782,9.3882,2.0914,1.3018,1.1926,0.735,5P 3 6
647.788,53.1496,1.2667,9.6267,1.9472,1.301,1.1964,0.7292,5P 3 6
647.9404,51.1562,1.2377,9.1574,1.9273,1.3014,1.1997,0.7285,10RP 5 22
648.0928,52.1605,1.2208,9.5782,1.7891,1.3049,1.2008,0.7119,5P 3 6
648.2452,52.9981,1.227,9.8105,1.8223,1.3112,1.1993,0.6909,5P 3 6
648.3976,51.7607,1.2204,9.4521,2.0378,1.32,1.1974,0.671,5Y 6 16
648.55,52.7724,1.264,9.5214,2.1798,1.3306,1.1999,0.7149,5P 3 6
648.7024,53.7678,1.3107,9.5672,2.3197,1.342,1.211,0.7671,5P 3 6
648.8548,55.3769,1.3976,9.5743,2.2915,1.3524,1.2312,0.7681,5P 3 6
649.0072,56.733,1.4163,9.8999,2.1181,1.3613,1.2565,0.7613,10B 8 12
649.1596,54.9236,1.3557,9.6741,2.2027,1.3702,1.2803,0.7519,5P 3 6
649.312,52.3694,1.3489,8.8949,2.4419,1.3796,1.2962,0.7514,10GY 6 18
649.4644,48.7942,1.2783,8.1619,2.6604,1.3886,1.3003,0.7923,10PB 0.2 18
649.6168,47.0229,1.239,7.8244,2.5793,1.394,1.2921,0.782,10PB 0.2 18
649.7692,46.5895,1.2565,7.583,2.6734,1.3942,1.2743,0.7653,10PB 0.2 18
649.9216,46.4113,1.2687,7.4541,2.845,1.3887,1.2525,0.7777,10PB 0.2 18
650.074,46.5223,1.2101,7.8331,2.9606,1.3784,1.2333,0.7374,10PB 0.2 18
650.2264,42.7816,1.1243,7.1355,3.0422,1.3654,1.2209,0.7315,10PB 0.2 18
650.3788,39.9649,1.0829,6.475,3.1153,1.3519,1.2162,0.7535,2.5G 7 2
650.5312,38.2228,1.0106,6.3397,3.0369,1.3408,1.2169,0.7426,10PB 0.2 18
650.6836,38.4768,1.0481,6.2013,3.1928,1.3334,1.2192,0.7417,10PB 0.2 18
650.836,41.5139,1.1232,6.7354,3.0759,1.3289,1.22,0.7583,10PB 0.2 18
650.9884,42.8658,1.1812,6.8293,2.9967,1.3261,1.2182,0.7521,10PB 0.2 18
651.1408,42.1131,1.1804,6.593,2.8096,1.3241,1.2146,0.7306,10PB 0.2 18
651.4456,35.1636,0.9772,5.5542,2.6413,1.3237,1.2079,0.6829,10PB 0.2 18
651.598,38.154,1.0108,6.3164,2.6201,1.3246,1.2069,0.6504,10PB 0.2 18
651.7504,42.0579,1.0974,7.0611,2.412,1.3259,1.2081,0.7878,10PB 0.2 18
651.9028,47.3097,1.1007,8.7258,2.0731,1.3287,1.2119,0.7599,5P 3 6
652.0552,46.6374,1.075,8.6609,1.9081,1.3302,1.2182,0.7573,5P 3 6
652.2076,47.2675,1.0736,8.8711,1.9945,1.3292,1.2247,0.7281,5PB 1 14
652.36,47.393,1.0178,9.2381,2.0795,1.33,1.2282,0.6989,10B 2 6
652.5124,47.7246,1.0681,9.0495,1.9611,1.3335,1.2271,0.7436,5P 3 6
652.8172,42.014,0.9102,8.1432,2.0227,1.3421,1.2207,0.7568,10PB 0.2 18
652.9696,41.114,0.8577,8.1617,2.2233,1.3478,1.2261,0.7233,10PB 0.2 18
653.122,39.9111,0.8208,7.9921,2.3087,1.355,1.2413,0.6838,2.5G 1 8
653.2744,42.9764,0.9217,8.3845,2.164,1.3627,1.2616,0.6177,10PB 0.2 18
653.4268,44.7579,0.9695,8.676,2.4122,1.3725,1.2774,0.6268,10R 1 12
653.5792,43.5932,1.04,7.8894,2.8574,1.3833,1.2818,0.7035,10P 5 30
653.7316,42.0864,1.0491,7.3533,3.1575,1.4029,1.2753,0.8415,10P 5 14
653.884,42.9493,1.1063,7.2949,3.1321,1.4162,1.264,0.7467,2.5G 1 8
654.0364,44.6797,1.1794,7.4215,2.971,1.4184,1.2534,0.767,10PB 0.2 18
654.1888,44.0566,1.1694,7.2808,3.2113,1.4079,1.2427,0.613,10PB 0.2 18
654.3412,43.1051,1.1722,6.9591,3.3649,1.4104,1.2247,0.6149,7.5P 0.8 16
654.4936,44.2812,1.2178,7.0693,3.2173,1.4265,1.1947,0.6436,10PB 0.2 18
654.646,46.4098,1.2708,7.4415,2.9489,1.4314,1.1617,0.6289,10PB 0.2 18
654.7984,46.8471,1.2403,7.7602,2.8592,1.4365,1.1461,0.7477,10PB 0.2 18
654.9508,45.0627,1.1832,7.5221,3.0455,1.4394,1.1677,0.7262,10PB 0.2 18
655.1032,41.3727,1.0897,6.8867,2.935,1.4403,1.2357,0.7844,10PB 0.2 18
655.2556,37.4437,0.9811,6.2626,2.7972,1.4411,1.3372,0.9228,10PB 0.2 18
655.408,41.3853,1.0503,7.1212,2.5308,1.4428,1.4274,0.9187,10PB 0.2 18
655.5604,47.9086,1.2233,8.1999,2.375,1.4511,1.454,0.9236,5P 3 6
655.7128,50.6038,1.3286,8.4481,2.6183,1.4704,1.4117,0.7863,5P 3 6
655.8652,47.5859,1.2772,7.7808,2.9163,1.4964,1.3419,0.6454,10PB 0.2 18
656.0176,49.8058,1.2777,8.49,2.674,1.52,1.2842,0.7963,10PB 0.2 18
656.17,50.2407,1.2993,8.5033,2.5672,1.5372,1.2554,0.7673,5P 3 6
656.3224,52.6231,1.3615,8.903,2.6739,1.5547,1.2533,0.8663,5P 3 6
656.4748,49.888,1.3163,8.2903,2.5258,1.5865,1.2642,0.7182,2.5BG 3 24
656.6272,46.3314,1.228,7.6666,2.5479,1.6082,1.2739,0.781,7.5YR 9 20
656.7796,45.4134,1.2531,7.2256,2.4629,1.605,1.2797,0.7023,5P 3 6
656.932,48.4259,1.318,7.8118,2.4776,1.5735,1.2843,0.8218,5P 3 6
657.0844,49.3623,1.3265,8.0621,2.615,1.5008,1.2715,0.7601,2.5YR 8 10
657.2368,44.8375,1.1733,7.5083,2.9485,1.4165,1.2041,0.6846,10PB 0.2 18
657.3892,45.6796,1.104,8.184,2.5552,1.3465,1.0724,0.6181,10PB 0.2 18
657.5416,45.9366,1.012,8.8047,1.8407,1.301,0.9227,0.5486,5P 3 6
657.694,40.4485,0.9351,7.4955,1.9099,1.2727,0.8083,0.5296,5P 3 6
657.8464,35.8678,0.8118,6.7485,1.5693,1.2676,0.7534,0.5066,10B 8 12
657.9988,33.7497,0.7324,6.534,1.4218,1.2867,0.7616,0.54,10B 8 12
658.1512,32.621,0.7046,6.3351,1.1146,1.2841,0.8324,0.638,5P 3 6
658.3036,31.6785,0.7131,5.9831,1.0744,1.2804,0.9646,0.6211,5P 3 6
658.456,32.242,0.6703,6.4141,1.0661,1.3143,1.1477,0.5607,10P 5 14
658.6084,37.0452,0.8188,7.0848,1.0397,1.3898,1.3398,0.6237,5P 3 6
658.7608,43.329,0.8767,8.7608,1.2629,1.4979,1.4615,0.6149,5P 3 6
658.9132,48.3876,1.0109,9.5971,1.5738,1.5516,1.4591,0.8141,2.5R 6 22
659.0656,49.7076,1.1166,9.4015,2.5239,1.5217,1.3569,0.5125,10PB 0.2 18
659.218,50.5482,1.181,9.294,2.4487,1.4845,1.2155,0.8232,5P 3 6
659.3704,51.6957,1.2417,9.307,2.3139,1.4456,1.0825,0.8098,5P 3 6
659.5228,46.6594,1.1141,8.4388,1.9954,1.414,0.9865,0.6631,5P 3 6
659.6752,42.1243,1.0821,7.1718,1.8383,1.3788,0.9356,0.5508,5P 3 6
659.8276,33.3515,0.8622,5.6465,2.0038,1.3452,0.9249,0.5418,10PB 0.2 18
659.98,34.2921,0.8801,5.8431,1.801,1.311,0.9444,0.4758,10B 8 12
660.1324,29.9434,0.8483,4.6347,1.8986,1.2687,0.9806,0.5178,5R 4 10
660.2848,29.4434,0.7979,4.7699,1.8858,1.2437,1.0184,0.5606,2.5R 8 6
660.4372,25.9315,0.8099,3.5736,2.0281,1.2474,1.0471,0.4981,10PB 0.2 18
660.5896,25.2673,0.794,3.4534,2.1511,1.2762,1.0611,0.6293,10PB 0.2 18
660.742,27.6714,0.8126,4.1155,1.8476,1.3045,1.0574,0.5314,10PB 0.2 18
660.8944,28.4034,0.7774,4.5565,2.1087,1.3364,1.0428,0.5648,10PB 0.2 18
661.0468,29.1566,0.803,4.6482,2.2237,1.3915,1.0363,0.5969,10GY 6 18
661.1992,28.47,0.7199,4.9143,2.5247,1.4233,1.054,0.4652,10PB 0.2 18
661.3516,32.0042,0.8348,5.3751,2.4108,1.4754,1.1023,0.6723,2.5P 8 2
661.504,36.0826,0.9567,5.9687,2.3639,1.5019,1.1789,0.6853,10PB 0.2 18
661.6564,37.5733,0.9727,6.353,2.685,1.4974,1.2627,0.6627,10PB 0.2 18
661.8088,41.1504,1.0355,7.1327,2.6325,1.5054,1.3032,0.6224,10PB 0.2 18
661.9612,44.4126,1.1214,7.676,2.8123,1.483,1.2612,0.665,10PB 0.2 18
662.1136,45.1178,1.126,7.875,2.6556,1.454,1.159,0.6581,10PB 0.2 18
662.266,42.3355,1.0566,7.3893,2.504,1.4352,1.0492,0.7477,10PB 0.2 18
662.4184,35.4795,0.9425,5.8586,2.379,1.4068,0.965,0.623,10Y 2 2
662.5708,29.4187,0.8291,4.5793,2.2733,1.3747,0.9158,0.7096,10PB 0.2 18
662.7232,27.4391,0.7235,4.5625,2.1627,1.3624,0.9006,0.5964,10PB 0.2 18
662.8756,27.1132,0.7519,4.2921,1.8916,1.3718,0.9192,0.5164,10PB 0.2 18
663.028,24.1301,0.6219,4.0966,1.8247,1.3919,0.9739,0.4818,5P 3 6
663.1804,25.0839,0.6581,4.1903,1.8327,1.4108,1.0577,0.5608,10PB 0.2 18
663.3328,28.8963,0.7307,4.9879,1.9745,1.4382,1.1398,0.5849,10PB 0.2 18
663.4852,31.7908,0.7492,5.8074,2.1666,1.5254,1.1778,0.5469,10PB 2 42
663.6376,30.9916,0.816,5.1603,2.0482,1.6441,1.1647,0.6009,10PB 0.2 18
663.79,29.4694,0.7228,5.218,1.8144,1.7657,1.1391,0.6999,5P 3 6
663.9424,30.3077,0.7469,5.3457,1.5465,1.751,1.1371,0.6896,10RP 5 22
664.0948,31.8167,0.7822,5.6228,1.4052,1.4759,1.1435,0.5677,10B 8 12
664.2472,31.4498,0.8314,5.2169,1.2496,1.1703,1.0798,0.5039,10B 8 12
664.3996,26.6908,0.7118,4.391,1.1158,0.956,0.8996,0.516,10PB 0.2 18
664.552,21.3151,0.5644,3.5306,1.0395,0.8053,0.683,0.3579,5PB 3 32
664.7044,16.2477,0.4606,2.5131,0.765,0.6871,0.5141,0.2588,10PB 0.2 18
664.8568,13.7594,0.3599,2.3047,0.5473,0.6026,0.4059,0.2285,7.5P 0.8 16
665.0092,10.1429,0.2828,1.5968,0.3642,0.5397,0.3418,0.2803,10PB 0.2 18
665.1616,9.1622,0.2776,1.3127,0.2798,0.5008,0.3059,0.319,10PB 0.2 18
665.314,8.5955,0.2199,1.4687,0.5259,0.4754,0.2887,0.3094,10PB 0.2 18
665.4664,9.6453,0.2728,1.4957,0.4634,0.4589,0.2851,0.2932,10PB 0.2 18
665.6188,8.021,0.2174,1.2991,0.4534,0.4555,0.2929,0.3501,10PB 0.2 18
665.7712,7.5567,0.1697,1.4298,0.4652,0.4647,0.3105,0.3151,10PB 0.2 18
665.9236,7.8863,0.1173,1.8418,0.3718,0.4824,0.3355,0.3569,10PB 0.2 18
666.076,7.5719,0.1156,1.751,0.3751,0.5096,0.3633,0.2982,10PB 0.2 18
666.2284,8.6471,0.162,1.8243,0.4023,0.5529,0.389,0.3647,10PB 0.2 18
666.3808,8.6828,0.1352,1.9928,0.5129,0.6149,0.4103,0.331,10PB 0.2 18
666.5332,9.9657,0.1865,2.1035,0.8251,0.704,0.4308,0.3156,10PB 0.2 18
666.6856,12.4557,0.2414,2.5806,0.9976,0.8262,0.4576,0.2956,10PB 0.2 18
666.838,15.2839,0.3528,2.8353,1.3343,0.9601,0.4981,0.216,5P 3 6
666.9904,20.5364,0.4642,3.8673,1.2704,1.0677,0.5564,0.3627,10P 5 30
667.1428,22.8857,0.5501,4.1178,1.4532,1.188,0.6318,0.2915,5P 3 6
667.2952,25.1454,0.6512,4.2503,1.3336,1.3137,0.7178,0.4632,5BG 0.4 2
667.4476,27.0286,0.7155,4.4778,1.4464,1.4107,0.8049,0.4687,10PB 0.2 18
667.6,29.2935,0.8684,4.3092,1.4219,1.4483,0.8874,0.5275,10PB 0.2 18
667.7524,30.5133,0.8963,4.5369,1.4398,1.4607,0.9663,0.4862,10PB 0.2 18
667.9048,33.4827,0.9484,5.184,1.4586,1.4649,1.0438,0.5588,2.5R 6 22
668.0572,33.4865,0.9875,4.9564,1.336,1.4611,1.1164,0.5703,10PB 0.2 18
668.2096,35.8981,1.0968,5.0896,1.3505,1.4549,1.175,0.6337,10PB 0.2 18
668.362,39.31,1.2122,5.5082,1.4917,1.4517,1.211,0.7113,10PB 0.2 18
668.5144,44.4245,1.311,6.5694,1.3703,1.4484,1.2197,0.8046,10B 8 12
668.6668,47.3333,1.4844,6.4872,1.6403,1.4437,1.2036,0.6174,10B 8 12
668.8192,49.6832,1.5563,6.8193,1.7057,1.4383,1.1717,0.772,10B 8 12
669.124,49.41,1.4979,7.0737,1.8215,1.4313,1.1091,0.7873,10B 8 12
669.2764,47.1785,1.4466,6.6584,2.031,1.4281,1.0978,0.6275,5P 3 6
669.4288,49.3641,1.4839,7.1412,1.8622,1.4244,1.1024,0.683,10B 8 12
669.5812,50.6869,1.5535,7.1579,1.8287,1.4257,1.1159,0.7414,10B 8 12
669.7336,49.2431,1.4708,7.1793,1.9635,1.4341,1.1307,0.6645,10B 8 12
669.886,49.3441,1.4476,7.3473,1.8444,1.4681,1.1408,0.5902,10B 8 12
670.0384,51.9336,1.5355,7.6629,1.9044,1.4937,1.1414,0.6384,10B 8 12
670.1908,48.2644,1.4931,6.7347,2.1941,1.4417,1.1314,0.676,5P 3 6
677.3536,45.6645,1.1192,8.0898,2.4046,1.1624,1.0637,0.7108,10PB 0.2 18
677.506,45.7664,1.1128,8.16,2.4409,1.1812,1.0584,0.6639,10PB 0.2 18
677.6584,46.8974,1.1717,8.1779,2.4061,1.1965,1.0599,0.7253,10PB 0.2 18
677.8108,45.1109,1.2036,7.4185,2.8017,1.2085,1.0704,0.7094,10PB 0.2 18
677.9632,44.7894,1.1714,7.5039,3.1063,1.2177,1.0879,0.6964,10PB 0.2 18
678.1156,44.9407,1.1605,7.6161,3.2598,1.2259,1.1072,0.7379,10PB 0.2 18
678.268,44.107,1.184,7.2112,3.026,1.2334,1.1225,0.7401,10PB 0.2 18
678.4204,45.9923,1.2174,7.6201,2.7243,1.2383,1.1313,0.7653,5PB 1 14
678.5728,46.6617,1.2236,7.7985,2.6291,1.2405,1.1351,0.7123,10PB 0.2 18
678.7252,46.3875,1.1985,7.8574,2.9447,1.2418,1.1383,0.705,10PB 0.2 18
678.8776,43.1242,1.0986,7.3962,2.9017,1.2432,1.1443,0.7141,7.5P 0.8 16
679.03,41.4322,0.9875,7.504,2.4076,1.243,1.1531,0.7178,5R 4 10
679.1824,38.5806,0.9361,6.8902,2.4168,1.2429,1.1623,0.7368,10PB 0.2 18
679.3348,40.7456,0.9458,7.5278,2.3863,1.2422,1.1689,0.7204,7.5G 1 2
679.4872,42.911,0.9287,8.3222,2.2089,1.241,1.1709,0.6916,10PB 0.2 18
679.6396,42.5054,0.9476,8.0814,2.1954,1.24,1.169,0.6814,5R 4 10
679.792,40.7262,0.8927,7.8324,2.4735,1.2408,1.1653,0.6869,10P 5 30
686.9548,43.5313,1.1829,7.033,3.3003,1.2282,1.1747,0.7318,10PB 0.2 18
687.1072,44.014,1.1902,7.1451,3.2595,1.2294,1.1781,0.7599,10PB 0.2 18
687.2596,42.068,1.1363,6.8364,3.0641,1.2307,1.1781,0.7387,10PB 0.2 18
687.412,43.7832,1.22,6.8964,2.7639,1.2299,1.1745,0.7682,10PB 0.2 18
687.5644,42.9033,1.1895,6.793,2.812,1.2279,1.167,0.712,10PB 0.2 18
687.7168,43.1525,1.1864,6.891,2.857,1.2274,1.1568,0.7049,10PB 0.2 18
687.8692,41.2403,1.1411,6.5433,2.7471,1.2264,1.1468,0.7097,10PB 0.2 18
696.556,48.2119,1.3284,7.6821,2.0032,1.2253,1.1575,0.7256,10BG 6 12
696.7084,47.3452,1.2865,7.6497,2.1092,1.2276,1.164,0.721,5P 3 6
696.8608,45.4954,1.2424,7.3145,2.2175,1.2297,1.1705,0.7302,5P 3 6
697.0132,45.1805,1.275,7.0226,2.1468,1.23,1.1742,0.7038,5P 3 6
697.1656,45.7536,1.2725,7.2208,1.9941,1.2293,1.1741,0.6946,5P 3 6
697.318,46.824,1.2331,7.7947,1.9991,1.228,1.1712,0.7257,5P 3 6
697.4704,48.5885,1.1939,8.59,1.976,1.2264,1.1682,0.7116,5P 3 6
697.6228,52.165,1.2595,9.353,1.9686,1.2233,1.1675,0.6963,5P 3 6
697.7752,54.5065,1.3453,9.6015,1.9977,1.2177,1.17,0.7141,10RP 5 22
697.9276,54.5196,1.3334,9.6753,1.8324,1.2094,1.1743,0.7221,2.5R 8 6
698.08,51.0035,1.2478,9.0493,1.8918,1.1976,1.1768,0.7034,5P 3 6
698.2324,49.5081,1.2273,8.6894,1.857,1.1845,1.1729,0.6912,5P 3 6
698.3848,51.1963,1.2708,8.9762,1.8157,1.1728,1.1585,0.6844,5P 3 6
698.5372,51.5601,1.2519,9.2034,1.7797,1.162,1.1333,0.6592,5P 3 6
698.6896,50.8328,1.2042,9.2493,1.7396,1.1506,1.1014,0.6376,5P 3 6
698.842,47.9739,1.1582,8.6023,2.0168,1.139,1.0698,0.6509,5P 3 6
698.9944,45.3111,1.1259,7.9375,2.4981,1.1289,1.0453,0.6475,10PB 0.2 18
699.1468,42.4904,1.0693,7.3641,2.7179,1.1207,1.0321,0.6093,10PB 0.2 18
699.2992,40.2398,0.9434,7.3798,2.5969,1.113,1.0301,0.6088,10PB 0.2 18
699.604,37.0952,0.8043,7.1861,2.8528,1.1018,1.0464,0.6904,10PB 0.2 18
699.7564,37.8872,0.7812,7.5748,3.0066,1.1015,1.0548,0.7004,10R 1 12
699.9088,37.2743,0.7102,7.7942,2.7856,1.1045,1.059,0.6794,10PB 0.2 18
